OTU ID,X101.10T1,X101.11T1,X101.12T1,X101.13T1,X101.14T1,X101.15T1,X101.1T1,X101.2T1,X101.3T1,X101.4T1,X101.5T1,X101.6T1,X101.7T1,X101.8T1,X101.9T1,C.10T1,C.11T1,C.12T1,C.13T1,C.14T1,C.15T1,C.1T1,C.2T1,C.3T1,C.4T1,C.5T1,C.6T1,C.7T1,C.8T1,C.9T1
Zotu55,12,4,10,34,3,7,8,2,5,9,5,11,4,3,6,7,2,7,19,11,18,0,16,2,6,20,34,5,4,5
Zotu22,461,163,82,641,229,84,177,66,115,131,171,143,110,55,143,22,56,100,143,108,62,28,97,17,154,90,152,218,131,93
Zotu590,69,29,0,1,0,0,2,16,0,0,15,22,11,0,3,5,0,0,0,0,0,1,0,0,0,0,0,0,0,0
Zotu36,92,290,377,13,15,114,43,145,71,14,57,85,31,122,72,105,22,8,0,96,612,11,1,29,16,6,27,18,13,13
Zotu37,70,45,2,4,5,2,1,178,15,25,45,25,0,1,59,27,86,141,30,597,67,94,71,333,413,166,266,221,565,140
Zotu60,282,266,4,18,38,1,2,132,9,0,3,72,0,0,7,44,104,10,1,1,9,3453,71,8,1,2,95,0,629,3
Zotu5,931,669,1679,453,286,450,285,317,536,94,878,595,840,1228,715,2524,1001,447,15,937,441,455,71,2660,301,374,143,444,170,100
Zotu34,234,161,106,161,74,202,134,137,72,795,94,216,83,207,235,90,67,280,446,151,313,36,161,235,264,523,233,178,176,549
Zotu16,130,31,1,1,1,0,2,0,16,2,0,705,7,0,52,0,359,977,4,0,44,1,2,153,1,3,3,2,23,14
Zotu21,132,96,132,132,180,115,146,50,74,104,50,85,67,150,134,110,114,137,69,82,107,79,96,79,191,105,137,148,125,136
Zotu271,36,27,20,23,28,87,210,41,95,20,36,30,14,4,59,1,1,0,0,0,0,0,0,2,0,1,1,1,0,1
Zotu504,6,4,26,3,5,13,0,1,5,1,0,7,5,13,0,2,0,0,0,0,0,6,0,0,0,0,0,0,0,0
Zotu225,24,1,0,1,0,0,1,1,0,3,1,1,0,6,8,19,6,59,4,3,2,8,9,16,7,4,6,2,8,9
Zotu122,5,1,0,0,3,7,8,2,6,1,0,0,0,0,2,3,9,0,0,1,0,374,2,0,13,0,0,6,23,0
Zotu338,20,15,1,23,6,13,12,11,10,80,1,13,11,12,15,19,12,18,13,14,17,4,10,9,23,19,9,11,7,30
Zotu8,5,1,2,0,1,0,0,0,12,0,0,8,1,4,0,0,1,1,12,7,1,86,0,1,0,8,3,0,10,1
Zotu56,50,61,52,49,117,50,69,38,29,119,12,50,41,145,83,26,58,36,163,28,158,46,205,142,108,295,172,32,57,419
Zotu26,311,411,246,185,135,339,594,480,216,224,193,268,179,119,286,254,49,670,131,805,383,349,70,146,510,162,80,854,126,178
Zotu31,303,20,33,44,146,385,1,5,60,7,107,8,267,79,37,12,1006,893,11,19,39,0,2,394,71,1,0,2494,484,29
Zotu73,83,62,0,8,50,256,31,144,36,123,8,43,55,122,96,182,55,45,6,14,35,5,38,126,10,13,1,101,76,2
Zotu7,746,784,479,386,916,394,560,300,178,407,146,654,145,270,700,274,341,108,142,38,469,29,528,29,125,689,305,63,467,201
Zotu145,37,17,22,6,28,187,5,17,34,33,13,16,7,23,69,2,2,7,1,1,4,7,9,2,16,1,2,0,10,3
Zotu90,339,65,1,217,114,869,251,936,510,757,661,186,770,170,542,574,391,313,0,64,136,37,9,72,21,2,60,170,17,3
Zotu830,12,0,0,0,0,13,0,7,4,2,2,8,4,4,2,15,29,23,0,4,1,0,0,19,1,0,0,75,16,0
Zotu71,118,9,29,72,103,162,47,18,30,126,14,16,47,105,85,33,3,21,167,81,439,20,327,53,112,689,388,99,31,224
Zotu15,156,100,198,78,127,162,105,85,157,131,65,117,98,153,146,287,104,195,465,234,200,223,380,231,289,308,338,389,427,878
Zotu62,24,21,38,7,8,67,52,157,221,10,6,50,17,130,185,10,26,1,1,9,0,1,0,0,1,1,0,0,0,0
Zotu185,18,5,6,1,21,2,4,1,2,28,0,7,0,21,10,8,14,4,115,15,47,16,188,86,44,75,51,16,18,72
Zotu115,15,58,10,1,5,22,14,6,4,4,3,51,12,9,27,14,171,3,1,10,202,6,0,3,29,0,13,12,7,14
Zotu29,185,125,72,164,525,122,125,67,83,314,27,130,48,215,206,96,87,162,426,120,480,47,345,313,135,878,764,121,252,677
Zotu744,25,15,4,6,7,6,4,4,7,7,4,34,10,3,12,2,14,21,41,5,14,5,13,12,24,26,32,21,9,27
Zotu787,11,4,1,4,7,4,4,1,5,3,2,3,4,7,12,2,0,5,1,3,4,4,1,3,4,0,0,9,2,0
Zotu13,431,403,427,720,1863,413,313,152,660,589,493,360,422,383,290,141,183,841,679,611,564,227,674,296,1358,708,758,815,1094,620
Zotu44,114,282,74,150,348,45,73,36,107,221,225,84,108,52,53,16,19,58,56,92,122,59,116,40,124,185,145,81,196,83
Zotu218,12,17,5,40,10,28,15,38,11,22,22,38,17,30,33,15,6,1,2,0,10,0,1,5,9,1,7,1,5,0
Zotu838,8,0,0,0,0,0,0,0,0,0,17,0,0,0,5,0,15,11,0,1,0,0,0,6,4,0,0,5,0,0
Zotu351,23,40,19,15,10,8,44,14,9,53,4,17,20,16,46,8,2,11,14,3,11,4,14,12,20,20,19,6,6,13
Zotu640,17,1,0,0,1,1,1,1,2,0,0,3,1,4,0,4,1,0,1,1,2,6,15,0,1,1,7,0,2,2
Zotu2,157,1265,1944,2585,1341,883,2177,946,1439,1297,1999,696,1738,1304,834,533,697,672,1836,286,708,370,1392,733,1149,633,1236,212,394,1515
Zotu108,217,220,0,2,0,312,7,80,133,0,7,0,1,35,13,0,9,4,0,1,0,0,0,1,6,0,0,3,0,1
Zotu4,118,711,1236,1379,710,501,1301,563,917,831,1163,416,1033,904,515,355,1098,462,1291,197,416,272,921,586,804,431,817,106,203,857
Zotu149,25,9,3,19,0,0,18,3,0,14,6,3,1,9,17,4,10,6,4,4,14,0,7,2,10,35,10,4,2,4
Zotu17,87,51,265,125,231,119,109,49,51,110,38,56,56,98,141,34,29,126,16,52,53,16,24,28,139,41,22,99,46,48
Zotu915,49,11,4,2,1,8,0,2,39,45,2,27,2,12,12,23,8,13,6,80,0,11,1,8,1,0,36,39,12,1
Zotu510,20,10,0,0,3,20,3,3,5,1,5,0,49,0,4,4,11,0,2,0,2,0,0,1,0,0,4,1,2,2
Zotu280,68,2,0,0,0,48,0,1,0,0,1,0,0,0,0,0,4,7,4,0,0,147,1,0,0,2,0,0,5,0
Zotu72,22,23,11,5,3,99,14,54,9,11,28,20,42,10,38,17,1,7,0,3,2,0,0,0,6,0,1,13,7,0
Zotu450,23,4,9,4,3,1,6,0,19,0,0,6,5,1,1,0,0,0,1,2,2,1,4,1,1,2,2,0,0,11
Zotu162,141,7,0,0,16,0,0,30,9,21,2,38,0,1,1,12,6,0,2,7,0,18,1,0,0,1,61,1,0,0
Zotu152,21,13,0,0,0,0,0,3,12,18,0,18,16,17,22,1,2,1,0,22,1,0,0,1,0,0,0,2,1,0
Zotu43,130,142,82,53,94,311,76,352,169,258,65,106,126,105,236,129,19,42,0,33,141,19,10,18,30,8,12,39,48,7
Zotu493,10,10,3,8,5,6,3,4,2,6,0,16,0,3,17,4,10,1,0,0,7,1,2,0,0,4,7,0,7,1
Zotu18,92,70,32,42,79,130,298,97,77,125,48,121,100,273,109,85,192,542,148,630,471,140,112,535,421,154,177,596,551,422
Zotu131,14,11,0,1,2,3,7,557,245,4,2,54,1,5,1,0,3,0,0,0,0,1,1,0,10,0,0,2,0,0
Zotu285,7,4,7,2,5,1,2,0,0,1,1,4,8,0,1,4,5,7,8,4,2,5,2,0,2,5,10,7,4,1
Zotu95,45,6,0,0,19,8,11,30,25,0,113,145,52,72,137,866,24,4,0,393,1,0,0,46,0,0,9,0,393,1
Zotu94,43,60,57,23,14,58,124,34,62,58,48,47,72,18,73,15,20,27,4,4,14,7,6,2,32,2,9,18,7,0
Zotu220,44,23,14,7,3,17,58,45,3,67,5,17,38,1,60,5,2,6,0,0,0,0,0,0,3,0,1,0,0,0
Zotu46,93,36,70,35,73,55,71,96,44,31,23,55,31,81,163,60,70,46,8,13,55,20,33,51,124,26,43,72,57,31
Zotu96,28,2,0,8,2,4,1,310,48,0,487,1,13,1,28,0,45,0,1,0,1,1,0,0,1,1,2,1,0,0
Zotu851,4,0,0,0,0,0,0,2,1,0,0,7,0,0,7,3,0,40,1,0,0,23,0,1,1,1,17,1,6,1
Zotu84,63,270,5,0,3,24,0,75,3,1,0,212,85,12,32,27,12,4,0,939,58,162,1,10,14,2,9,5,2,0
Zotu959,15,21,9,10,7,3,6,9,8,8,2,2,11,4,5,9,4,11,2,0,20,27,7,9,7,6,13,12,1,3
Zotu70,44,119,101,11,28,259,48,45,36,70,40,61,65,356,127,24,24,11,0,2,35,14,8,4,16,14,114,5,18,17
Zotu170,16,3,4,0,1,27,7,0,0,0,5,4,1,0,18,4,2,3,0,0,0,1,0,0,0,0,0,0,0,0
Zotu782,14,14,6,18,3,8,4,3,8,12,6,15,20,4,7,9,16,11,25,7,13,1,9,10,16,46,12,6,9,17
Zotu187,85,4,0,0,0,62,0,1,0,0,0,0,0,0,9,0,16,10,0,0,0,241,0,0,0,1,0,0,7,0
Zotu964,4,6,6,13,12,8,9,5,6,15,3,5,4,12,8,9,2,7,2,4,4,0,3,3,12,26,10,11,3,5
Zotu181,28,0,5,18,26,31,8,5,5,30,1,6,6,9,14,8,1,6,22,9,69,4,85,15,14,148,98,14,7,24
Zotu146,8,6,6,3,5,0,4,1,0,3,5,1,1,2,4,3,2,0,7,0,2,0,1,2,0,0,1,0,0,0
Zotu478,5,7,0,5,2,2,2,5,2,4,0,2,3,10,6,4,5,2,1,3,5,9,67,0,4,7,6,1,9,3
Zotu402,7,2,0,0,0,0,0,0,0,0,0,0,0,0,0,48,1,0,393,0,0,0,0,1,0,0,0,0,0,78
Zotu513,7,4,12,4,3,2,3,1,5,13,3,4,0,1,1,1,0,0,0,1,1,3,0,0,2,1,0,3,0,0
Zotu545,16,1,0,0,1,0,0,0,9,11,0,13,0,2,3,1,7,0,0,3,68,1,0,0,0,0,1,0,0,0
Zotu286,28,7,7,15,10,7,3,1,6,5,0,8,10,1,7,9,47,54,81,12,19,26,16,33,35,30,23,37,34,23
Zotu80,85,124,82,31,24,210,48,107,60,94,24,88,66,84,78,23,9,12,1,4,10,19,5,17,14,2,2,57,17,9
Zotu355,11,1,28,8,5,4,60,5,1,11,2,15,3,7,19,0,0,3,0,0,1,0,0,1,18,0,0,5,0,2
Zotu317,31,4,3,7,2,6,21,11,48,13,10,10,11,0,8,4,9,20,33,2,3,0,1,9,4,4,6,14,4,0
Zotu368,23,2,1,1,3,0,1,1,6,9,4,122,1,0,6,4,5,8,2,5,7,4,1,2,6,0,15,2,5,0
Zotu758,8,25,10,3,6,6,43,12,15,27,3,14,15,5,18,2,1,6,1,4,9,0,2,3,13,1,2,3,0,7
Zotu89,51,30,23,23,10,64,52,37,16,32,33,49,11,40,63,52,24,18,2,0,14,3,3,5,10,3,16,3,13,1
Zotu47,118,28,93,27,53,119,37,30,60,43,17,195,13,266,115,44,59,27,22,202,78,57,163,33,56,55,53,119,97,57
Zotu213,113,40,0,0,6,1,0,220,17,2,6,89,17,0,6,11,24,2,5,0,3,108,1,0,10,19,14,1,6,0
Zotu245,10,10,13,6,20,16,11,8,11,16,5,13,13,12,19,6,8,14,11,17,28,5,18,20,17,31,23,19,28,36
Zotu154,12,9,16,0,1,1,3,51,1,1,21,22,3,16,14,35,6,0,0,10,0,11,0,0,3,0,1,0,0,0
Zotu484,2,2,0,0,3,0,1,4,0,1,3,2,0,1,5,84,6,0,0,50,6,4,0,9,38,3,12,2,10,6
Zotu191,16,16,4,9,9,3,13,6,4,32,2,15,1,36,23,9,13,12,9,3,7,5,10,8,18,6,14,3,16,20
Zotu173,0,4,1,4,1,1,1,0,1,3,2,13,0,77,14,5,10,0,0,819,18,0,0,0,0,2,3,0,1,0
Zotu270,13,1,3,7,0,13,16,3,5,14,1,1,8,0,1,2,0,8,0,0,0,0,0,3,3,0,0,21,0,0
Zotu739,22,1,21,4,1,41,7,42,10,0,0,9,2,0,3,0,0,0,0,0,0,0,0,0,0,0,0,0,0,0
Zotu69,33,39,42,6,10,36,8,152,19,24,86,40,89,21,102,7,5,27,0,6,2,1,0,2,26,2,4,75,52,3
Zotu833,8,1,2,1,1,0,0,1,1,0,0,0,3,0,0,0,0,12,7,2,4,2,1,1,1,8,9,0,3,2
Zotu917,8,7,15,4,3,12,25,8,12,10,3,4,9,20,22,0,3,8,1,1,4,0,0,1,2,1,4,0,0,1
Zotu92,46,44,25,19,43,26,34,23,9,45,10,53,16,69,36,49,42,35,16,26,35,23,45,38,55,33,62,29,42,16
Zotu348,8,12,0,32,3,0,2,2,1,2,1,6,2,4,8,0,6,0,4,4,4,0,131,0,3,13,3,1,4,0
Zotu950,12,8,73,9,8,2,57,7,25,37,10,22,46,5,10,0,8,11,1,3,1,3,0,3,1,0,1,1,5,0
Zotu265,13,5,4,4,1,5,4,0,1,6,2,29,5,0,15,9,7,16,68,25,33,20,50,22,39,5,33,53,59,11
Zotu445,2,0,0,0,1,1,0,1,1,0,0,0,0,0,0,18,0,0,0,0,0,0,0,0,0,0,0,0,0,0
Zotu296,14,0,2,11,15,10,4,2,0,7,0,2,6,3,2,1,1,9,0,29,11,0,1,0,5,2,6,3,0,1
Zotu481,4,2,11,5,3,12,6,2,1,2,3,13,4,2,8,1,7,2,1,1,0,5,0,0,1,0,2,0,1,0
Zotu568,3,3,1,1,3,8,6,7,10,38,8,3,11,4,5,0,2,5,0,0,3,0,0,1,1,1,0,1,0,2
Zotu421,2,0,0,0,1,0,0,0,0,0,0,1,1,0,0,0,0,1,0,0,1,0,0,0,0,0,0,0,0,0
Zotu302,18,51,6,21,17,10,12,18,4,12,12,23,11,30,54,30,7,6,3,1,33,4,30,10,1,14,14,0,4,12
Zotu597,6,2,2,2,4,1,2,0,1,4,0,6,4,8,0,1,5,3,1,3,2,1,0,2,9,1,0,9,1,1
Zotu667,5,0,0,2,1,2,4,2,0,7,1,4,0,3,4,5,1,5,25,9,3,2,11,3,9,11,9,11,26,28
Zotu126,110,35,41,15,20,24,34,14,44,21,20,29,21,27,56,4,18,3,6,1,18,2,4,5,24,133,24,4,9,7
Zotu383,31,1,0,0,0,2,0,1,4,1,2,11,0,6,2,3,39,8,20,26,4,2,0,23,1,3,2,5,5,0
Zotu564,8,13,11,17,8,8,7,12,6,6,5,7,10,11,19,3,1,0,1,3,3,3,3,0,6,7,2,0,3,5
Zotu86,27,16,17,16,33,24,21,7,26,21,6,14,33,10,31,14,13,24,6,11,39,4,11,13,5,28,11,13,15,19
Zotu748,2,3,2,2,0,6,0,5,4,0,1,7,1,0,2,1,0,0,0,0,0,0,0,0,0,0,0,0,0,0
Zotu318,1,0,0,0,0,0,0,0,1,0,0,32,0,0,0,1,0,0,0,0,4,0,0,0,0,26,6,0,0,0
Zotu444,5,8,5,45,7,4,6,6,4,8,4,6,1,33,23,6,3,2,2,5,14,4,24,8,5,0,6,2,6,18
Zotu734,1,2,1,3,1,2,1,0,5,2,0,0,3,2,2,0,0,5,1,2,0,1,0,2,3,0,1,2,3,1
Zotu593,22,9,23,102,14,37,25,27,6,20,11,11,9,20,34,2,2,4,0,4,14,1,8,14,23,11,5,2,2,18
Zotu880,7,10,2,3,2,1,11,2,2,15,2,2,1,13,9,3,0,2,5,1,6,0,6,1,5,25,19,2,0,2
Zotu399,29,0,1,0,0,37,2,22,2,6,5,9,1,2,25,51,4,0,1,9,20,11,2,0,0,0,4,3,6,0
Zotu116,4,5,13,4,8,41,30,2,1,4,4,4,1,2,16,11,1,0,0,0,2,0,0,0,5,0,0,1,0,0
Zotu976,3,0,0,0,3,0,0,2,6,0,0,0,0,0,0,0,3,0,0,2,3,0,0,0,0,0,0,1,0,0
Zotu668,14,0,0,0,1,1,0,2,0,0,0,0,1,0,5,0,0,0,0,0,0,0,0,0,0,0,0,0,0,0
Zotu595,2,6,7,0,4,5,8,0,1,1,0,2,1,0,1,7,7,13,10,2,2,5,2,6,4,2,6,13,4,2
Zotu684,2,8,7,7,4,12,4,4,7,4,5,8,13,2,3,1,0,4,3,0,0,0,0,0,0,2,0,1,2,0
Zotu460,4,0,0,0,0,0,0,0,0,0,0,0,0,0,0,0,0,0,0,0,0,1,0,0,0,0,0,0,0,0
Zotu618,3,6,14,15,4,2,12,4,7,3,9,1,16,9,3,3,12,3,21,5,5,8,2,4,6,3,5,4,6,5
Zotu111,2,0,0,0,0,0,1,0,0,13,0,1,0,0,0,10,355,0,1,0,118,7,0,0,54,2,14,0,0,0
Zotu866,1,1,1,5,11,1,8,1,2,3,1,1,5,1,1,0,0,4,1,0,0,0,1,0,0,2,0,0,1,0
Zotu589,4,0,0,0,0,0,0,0,0,0,0,0,0,1,0,144,0,2,80,0,0,0,0,0,2,0,0,0,0,213
Zotu120,10,1,25,5,48,10,1,2,6,18,4,9,2,16,9,10,29,75,107,66,29,32,86,41,48,47,54,76,66,149
Zotu606,5,1,1,5,7,7,4,0,7,2,5,4,9,2,1,4,6,5,2,0,2,0,0,0,3,4,2,3,4,4
Zotu261,32,14,1,9,4,5,4,5,1,12,2,38,4,27,13,4,11,19,27,18,18,16,19,17,22,52,21,10,27,58
Zotu647,8,2,2,6,1,0,8,1,1,1,0,4,0,2,6,0,0,2,1,1,0,0,0,0,1,3,1,0,0,0
Zotu742,21,3,20,4,1,14,6,0,8,2,18,9,33,0,6,3,1,0,1,0,0,0,0,0,0,0,0,0,0,0
Zotu78,35,33,1,4,7,69,22,30,8,151,6,8,55,34,29,7,11,3,0,203,34,3,0,1,12,4,9,98,169,8
Zotu81,27,19,12,11,15,15,21,12,4,22,15,16,8,24,21,28,60,37,18,31,29,20,97,51,64,35,53,24,49,60
Zotu948,6,3,1,6,1,4,1,0,0,2,2,2,1,3,2,3,0,2,0,4,0,0,0,0,2,1,0,2,2,2
Zotu390,17,2,1,0,5,9,2,0,74,4,33,3,11,0,27,12,1,0,0,0,0,0,0,0,4,0,1,1,0,0
Zotu428,9,4,3,9,3,3,4,2,2,10,0,5,7,10,11,7,7,3,4,5,11,6,8,5,10,13,3,6,14,7
Zotu58,21,62,24,54,31,59,74,27,67,41,34,35,91,0,52,9,2,60,2,29,34,1,1,5,37,3,4,62,13,0
Zotu461,11,3,0,1,1,4,1,3,3,0,0,11,1,3,1,2,3,20,3,19,8,23,5,3,2,4,6,10,17,1
Zotu586,13,2,11,1,5,5,1,6,1,2,4,4,0,92,5,2,2,1,0,1,8,2,1,0,1,2,0,1,2,3
Zotu63,12,6,24,0,14,12,3,12,5,0,12,3,16,7,8,19,7,4,2,5,10,16,1,2,0,3,12,25,122,1
Zotu147,10,20,3,8,7,11,10,6,18,7,7,9,6,4,2,2,2,16,6,19,5,1,6,5,10,1,7,15,7,0
Zotu584,7,23,1,4,5,6,5,4,9,16,4,16,8,6,18,5,6,1,48,5,29,2,35,7,8,37,41,2,6,47
Zotu879,6,4,1,3,2,4,0,1,6,2,4,4,5,6,7,2,6,7,2,0,3,1,4,2,3,7,2,0,1,2
Zotu112,11,3,13,3,9,11,32,10,11,7,1,5,12,9,15,17,2,2,0,1,3,0,0,0,3,2,1,0,3,0
Zotu963,4,0,0,0,0,0,0,0,0,0,0,0,18,0,0,0,1,0,1,0,0,0,0,0,4,0,0,0,0,0
Zotu555,4,3,4,2,3,4,8,7,14,10,4,3,9,6,15,0,4,2,1,0,8,0,3,6,3,25,5,3,5,7
Zotu688,9,14,0,4,0,20,0,15,9,1,2,8,3,50,28,11,1,0,0,1,2,0,0,0,0,1,4,0,1,0
Zotu409,15,3,2,3,0,2,15,6,4,7,1,13,1,4,12,4,3,6,15,1,16,4,26,11,11,18,49,2,17,35
Zotu189,11,11,10,4,11,11,8,9,4,13,2,8,1,27,29,22,15,21,19,19,36,6,46,26,26,35,33,20,19,37
Zotu241,8,13,22,32,47,8,36,12,78,22,42,5,22,15,15,6,12,9,17,4,12,10,12,6,30,19,28,1,9,29
Zotu291,15,40,8,7,12,8,10,4,7,19,8,10,11,12,19,9,4,18,50,17,30,6,14,53,15,28,18,3,8,45
Zotu148,38,9,4,1,0,12,4,3,7,1,4,22,6,24,22,80,21,3,3,9,4,128,5,0,3,1,9,4,4,0
Zotu226,16,32,14,64,12,9,33,31,25,32,20,60,16,12,39,11,3,13,1,2,9,1,1,2,3,0,8,3,3,0
Zotu104,58,119,69,31,153,28,21,6,32,77,77,22,34,26,29,15,16,35,64,50,50,33,32,20,110,75,62,32,82,43
Zotu431,4,6,6,7,13,9,14,5,6,17,2,2,6,3,9,2,1,5,9,6,12,1,10,2,8,16,16,3,3,5
Zotu717,2,2,5,0,3,2,0,2,0,1,0,2,3,0,0,4,3,1,0,2,2,6,3,1,4,0,0,1,5,3
Zotu674,40,23,29,17,5,6,51,9,6,26,3,9,4,14,25,10,1,10,1,4,25,1,3,2,3,2,2,2,4,1
Zotu182,33,10,4,6,15,10,22,12,7,28,14,13,10,17,32,24,22,0,2,2,11,2,8,7,25,9,16,8,12,5
Zotu749,4,4,1,2,0,1,3,0,1,9,0,1,2,1,0,1,3,0,0,0,4,0,3,1,2,7,5,2,2,1
Zotu40,27,50,14,32,17,24,32,25,204,30,115,28,310,4,14,1,541,220,324,3,17,3,460,64,146,188,27,13,15,46
Zotu100,12,14,17,31,4,5,1,5,37,3,1,38,18,54,24,15,8,2,0,55,10,6,0,1,1,2,16,9,11,0
Zotu702,21,23,3,24,10,10,11,4,10,19,6,20,16,29,19,20,16,9,24,11,49,10,104,21,20,42,25,7,12,62
Zotu931,6,1,1,0,1,2,0,2,0,0,0,1,4,0,1,2,1,2,7,1,3,6,6,2,3,1,7,9,5,1
Zotu57,6,25,8,1,3,17,12,7,6,9,0,7,4,38,20,2,0,0,0,0,1,7,0,0,0,0,0,0,0,1
Zotu602,3,5,3,5,2,1,3,4,7,6,2,9,4,5,4,1,2,1,0,0,1,0,0,1,5,0,6,0,6,1
Zotu516,5,0,0,0,0,0,0,0,0,0,1,0,0,0,0,3,17,3,0,1,14,0,0,7,1,0,11,10,1,0
Zotu709,0,3,1,0,0,0,2,0,0,1,3,0,2,0,0,0,4,0,0,0,1,0,0,0,0,0,0,0,1,0
Zotu284,9,27,1,0,2,1,1,1,0,6,0,21,2,1,1,53,1,4,0,2,18,7,0,0,0,2,0,0,9,0
Zotu664,0,1,1,1,0,0,1,1,1,0,3,0,2,0,1,0,0,1,1,0,0,0,0,0,1,2,0,2,0,0
Zotu490,2,3,4,5,4,3,4,2,2,6,3,3,4,4,3,2,20,3,2,7,27,2,7,2,1,9,10,6,6,6
Zotu705,14,23,2,1,14,2,6,5,1,2,2,6,16,11,6,1,1,9,1,13,11,24,10,20,14,0,3,21,8,1
Zotu97,6,5,0,0,0,1,2,0,1,0,2,14,0,2,6,1,1,1,2,0,0,1,0,0,1,3,4,1,2,1
Zotu681,9,0,0,2,1,5,0,10,3,0,8,4,5,3,1,0,0,0,0,1,0,0,0,0,1,0,1,0,0,0
Zotu862,3,2,0,3,3,2,4,1,0,0,0,0,0,6,7,4,2,0,3,2,8,3,14,3,4,7,1,0,5,9
Zotu93,24,8,39,25,40,22,7,3,19,29,8,11,20,6,11,18,24,38,9,15,20,17,22,18,24,7,24,19,20,17
Zotu206,15,20,5,8,2,31,17,21,21,5,14,18,6,5,16,18,235,2,4,8,9,9,4,3,9,8,8,12,10,7
Zotu600,4,15,0,0,2,0,3,0,1,0,0,49,1,1,4,8,25,10,24,20,2,4,0,6,1,4,12,1,14,1
Zotu729,1,0,1,0,7,0,1,0,8,0,2,5,13,0,4,0,0,0,0,0,0,0,0,0,0,0,0,0,0,0
Zotu840,8,1,1,1,1,2,4,0,3,2,0,3,2,9,5,3,2,3,5,1,11,1,3,2,4,20,6,4,6,7
Zotu849,1,0,0,0,0,0,0,0,0,0,0,0,0,0,0,0,0,0,0,0,0,0,0,0,0,0,0,0,1,0
Zotu815,2,1,2,2,1,0,4,3,5,13,2,13,8,3,2,2,0,6,3,7,1,1,1,3,4,12,7,1,0,2
Zotu907,20,12,10,10,6,6,16,2,2,19,3,18,16,7,13,3,2,3,2,0,2,1,6,4,3,16,5,2,7,7
Zotu153,17,3,0,0,0,2,1,45,6,16,49,3,1,22,3,253,2,83,3,0,1,1,0,0,4,3,0,0,15,0
Zotu238,5,13,4,20,11,10,13,4,3,14,2,2,16,11,10,6,8,7,1,3,10,2,2,6,6,22,4,5,1,10
Zotu472,9,4,6,3,8,5,5,2,6,2,3,3,3,3,2,5,8,4,1,5,2,5,0,2,2,4,5,5,4,4
Zotu319,1,0,0,0,0,0,1,0,0,0,0,2,1,0,1,0,0,1,0,0,0,2,0,1,0,0,0,1,0,0
Zotu839,13,1,0,1,0,0,2,0,0,0,1,0,0,1,9,0,0,1,0,0,0,0,0,3,0,0,0,1,0,0
Zotu188,24,5,13,4,0,2,2,1,3,9,2,2,2,0,3,1,0,0,2,24,4,1,17,0,3,8,4,14,3,3
Zotu242,13,7,7,6,19,10,37,4,5,9,5,7,7,2,19,23,7,5,2,2,6,2,9,3,13,1,4,9,10,3
Zotu179,25,8,0,19,14,8,12,11,32,58,0,7,7,36,29,6,0,9,41,53,65,3,74,3,24,134,66,41,14,56
Zotu557,10,5,5,3,5,4,3,3,1,13,2,9,6,6,9,14,4,14,8,8,11,8,17,17,24,22,9,21,8,30
Zotu488,3,8,4,14,21,4,13,7,29,5,38,4,13,10,6,2,4,3,17,0,10,2,9,1,8,11,4,1,2,5
Zotu845,5,1,1,1,0,1,0,0,3,2,1,6,2,0,3,0,1,13,5,1,5,1,0,2,2,1,5,0,1,1
Zotu158,5,6,2,7,2,22,11,4,7,23,5,9,9,17,21,22,20,23,12,24,22,21,27,16,50,25,26,39,30,7
Zotu207,15,15,6,4,17,13,23,11,1,13,1,18,11,12,17,4,6,29,29,10,29,11,19,7,19,57,64,10,15,31
Zotu214,22,15,44,37,17,26,40,9,2,13,14,27,7,60,28,6,4,1,0,0,6,0,5,6,16,10,11,1,3,16
Zotu561,2,5,0,2,1,1,0,1,0,4,1,7,0,1,9,0,0,0,0,0,3,0,0,0,0,0,0,0,0,1
Zotu331,12,3,0,0,1,12,21,1,0,1,1,0,3,6,3,2,0,6,0,4,7,0,0,1,0,2,5,0,2,1
Zotu676,7,7,0,2,0,0,1,0,1,0,0,14,3,8,10,5,4,6,14,3,10,2,4,5,6,46,14,3,5,12
Zotu171,9,9,8,18,11,11,10,4,8,26,5,9,12,12,10,8,7,9,4,10,28,3,28,11,9,41,20,2,17,21
Zotu229,7,29,14,30,36,3,10,3,24,14,27,11,15,5,3,3,2,5,4,7,14,10,11,4,9,45,19,11,30,12
Zotu960,1,0,0,0,0,0,0,0,0,0,0,0,0,0,0,0,0,1,0,0,0,0,0,0,0,0,1,1,1,0
Zotu841,2,2,5,1,3,3,10,2,2,5,3,5,5,1,9,0,3,4,12,3,1,1,1,3,4,5,1,5,1,6
Zotu282,13,5,2,12,2,1,9,8,3,4,4,4,4,2,6,9,8,7,0,3,3,9,0,2,1,2,0,0,4,3
Zotu878,6,17,15,28,15,32,22,53,25,7,50,7,51,9,22,8,3,3,13,7,4,2,3,3,2,6,3,3,1,9
Zotu685,3,0,18,0,0,1,0,0,0,0,26,0,0,33,0,0,1,0,0,0,0,0,0,0,0,0,0,0,0,0
Zotu656,7,1,2,4,1,2,9,4,2,10,1,10,1,2,5,2,5,11,36,9,7,4,60,15,4,37,26,4,2,26
Zotu778,2,2,0,0,2,1,2,11,0,2,0,1,0,9,1,3,7,0,0,0,0,0,0,1,0,0,1,0,0,1
Zotu323,1,0,0,1,0,2,0,0,0,1,0,0,3,0,9,0,0,0,0,0,0,1,0,0,0,0,0,0,0,0
Zotu429,1,5,2,3,1,1,1,3,1,3,0,3,5,0,2,1,6,6,5,2,11,1,5,5,4,9,10,3,7,5
Zotu897,1,1,1,1,0,1,2,0,1,0,0,0,3,0,1,2,3,0,0,0,3,0,1,0,0,5,1,0,0,1
Zotu259,23,0,0,0,0,0,1,0,1,0,0,14,0,2,1,1,29,37,14,1,7,10,24,3,76,10,33,2,22,16
Zotu821,1,2,1,27,0,4,6,5,0,1,1,0,6,1,6,1,4,0,0,0,0,0,0,0,0,0,0,0,0,0
Zotu526,6,13,4,5,6,3,4,4,19,9,14,14,26,6,8,2,7,10,8,3,9,1,6,5,6,39,9,2,4,9
Zotu591,1,3,4,4,5,2,4,0,6,2,0,7,3,6,9,4,5,1,6,2,8,2,4,4,6,11,11,2,3,4
Zotu325,15,3,0,0,3,2,1,5,2,0,1,3,1,7,12,0,3,1,0,0,0,0,0,0,0,0,0,0,0,0
Zotu794,7,0,0,0,0,1,0,0,0,2,0,11,0,0,0,0,5,17,39,4,1,1,0,0,3,4,13,21,33,0
Zotu604,2,1,0,0,1,0,5,0,2,2,0,5,0,5,2,4,0,5,15,0,11,7,21,12,4,27,29,6,10,41
Zotu329,9,6,1,3,1,4,6,4,15,3,4,4,6,0,8,5,8,7,8,5,5,16,4,1,35,4,1,5,15,3
Zotu594,5,2,0,3,4,6,2,0,5,6,0,0,4,7,3,4,3,4,1,5,3,3,1,7,20,3,2,2,2,4
Zotu781,5,2,3,1,2,4,2,1,18,2,4,7,19,0,2,5,0,0,0,4,7,0,0,0,0,0,1,0,0,0
Zotu898,2,0,6,4,8,4,15,1,4,1,2,4,5,2,6,1,0,0,0,1,2,0,0,0,2,0,0,0,2,0
Zotu679,4,6,0,5,1,1,3,4,4,1,1,3,0,0,15,4,1,0,1,0,1,0,0,0,0,2,0,0,1,0
Zotu520,4,1,3,8,0,6,2,0,0,11,0,5,3,3,2,6,6,12,34,9,9,4,19,10,31,22,20,19,21,22
Zotu408,11,8,40,3,7,15,32,4,18,7,4,12,28,3,11,3,7,4,5,0,0,0,0,4,10,2,8,2,2,0
Zotu449,1,0,0,2,2,2,0,0,0,1,0,1,1,0,1,2,20,130,33,8,2,1,0,12,22,1,13,9,1,0
Zotu337,6,5,5,2,3,0,2,1,1,1,1,2,3,1,3,0,3,4,4,1,2,0,3,0,0,6,5,4,3,3
Zotu697,5,6,2,0,1,5,0,1,9,4,2,7,3,3,2,0,0,0,1,7,0,0,0,0,0,4,0,0,0,0
Zotu352,7,5,6,6,1,6,2,0,0,6,1,6,3,1,3,2,1,5,5,3,1,2,5,2,4,2,1,0,1,3
Zotu740,2,2,3,6,7,1,0,5,3,3,2,0,2,1,9,2,1,0,0,0,1,1,0,3,1,0,0,1,0,0
Zotu768,2,0,1,0,0,7,0,0,5,0,2,5,1,0,0,0,0,0,0,0,0,0,0,0,0,0,0,3,0,0
Zotu139,7,4,0,0,0,1,0,0,0,1,0,3,0,32,2,0,0,0,0,0,0,3,6,0,0,2,3,0,0,0
Zotu577,1,0,0,0,0,0,0,0,0,0,0,0,2,0,0,1,0,0,0,0,0,0,0,1,0,0,0,0,1,0
Zotu136,7,51,16,1,4,12,0,19,6,1,11,0,3,0,4,133,63,5,1,0,1,17,0,0,0,1,2,6,2,0
Zotu167,5,5,2,1,1,14,6,2,4,24,5,6,6,15,7,8,15,8,2,14,20,1,3,5,18,7,2,13,30,1
Zotu569,5,1,1,0,4,5,4,0,0,1,0,2,0,1,2,4,7,5,1,3,3,1,8,5,2,1,3,2,4,2
Zotu552,3,2,0,0,1,18,3,5,1,0,2,2,0,0,1,0,0,1,0,0,0,0,0,2,10,0,1,0,0,0
Zotu788,5,3,2,2,8,7,7,1,4,2,2,5,9,3,3,2,1,8,2,0,4,0,2,1,1,5,2,0,1,6
Zotu634,9,7,2,14,0,7,7,3,4,8,2,7,5,12,13,4,6,9,6,11,6,9,8,2,4,5,6,8,8,14
Zotu786,2,1,0,0,1,1,0,0,2,0,0,1,2,0,0,1,3,0,0,0,0,0,0,0,0,0,10,0,1,0
Zotu400,3,5,4,3,3,2,8,7,5,3,3,5,9,7,6,2,1,3,1,1,2,0,1,4,4,10,2,5,2,5
Zotu578,1,1,4,1,0,3,0,0,10,1,0,1,7,0,3,0,0,1,0,0,0,0,0,0,0,0,0,0,0,0
Zotu458,9,0,0,1,4,19,2,0,0,1,0,2,2,0,6,1,0,0,1,0,0,0,0,0,0,2,0,0,0,0
Zotu852,1,0,5,1,1,0,2,1,1,0,0,0,5,0,0,0,0,0,0,0,2,0,0,0,1,2,0,0,0,0
Zotu928,3,2,0,0,1,0,0,4,0,0,0,16,0,1,3,2,1,0,0,0,0,0,0,0,0,0,0,0,2,0
Zotu469,5,4,0,2,6,3,6,4,2,5,2,4,1,5,13,6,10,7,8,8,9,1,13,11,10,27,12,2,6,29
Zotu301,1,0,0,0,0,0,0,0,0,0,3,0,0,0,0,0,0,0,0,0,0,0,0,0,0,0,0,0,0,0
Zotu750,5,2,0,0,0,7,2,4,0,0,0,0,0,0,5,0,7,0,1,0,1,0,0,0,0,0,1,0,1,0
Zotu974,1,2,1,0,0,0,0,0,0,1,0,0,0,0,0,0,0,2,0,0,0,0,0,0,0,0,0,0,0,0
Zotu499,5,4,1,5,1,0,4,1,3,4,1,3,4,8,16,7,9,10,15,4,16,2,39,6,15,16,20,8,6,30
Zotu340,1,0,0,0,0,0,0,0,0,0,0,0,0,0,0,0,0,0,0,0,2,0,0,0,0,0,0,0,0,0
Zotu453,2,3,0,0,4,2,1,5,3,3,0,17,0,3,8,7,0,0,0,2,1,9,0,3,4,0,0,0,3,0
Zotu312,2,11,1,7,7,6,7,3,7,13,12,11,11,9,2,5,1,3,0,5,4,0,2,4,0,0,1,4,0,6
Zotu549,2,0,0,0,0,0,0,0,0,0,0,10,1,0,2,2,44,2,0,11,0,1,0,0,0,0,20,12,1,1
Zotu631,4,0,0,0,0,0,0,0,0,0,0,2,0,0,0,0,0,1,0,0,1,0,0,0,0,0,2,0,0,0
Zotu625,3,0,0,0,2,0,0,0,0,0,0,1,1,0,0,0,0,0,0,0,0,0,0,0,0,0,0,3,0,1
Zotu512,2,3,0,0,0,2,17,0,1,5,0,0,1,6,3,1,1,0,0,0,0,14,0,1,0,1,1,2,21,1
Zotu690,1,1,1,0,1,2,0,1,2,2,2,3,4,0,2,3,8,8,43,4,0,2,1,3,6,9,10,15,2,5
Zotu708,0,3,5,12,2,4,2,2,1,0,1,7,1,6,5,3,1,2,0,1,2,0,1,4,0,3,1,2,0,3
Zotu575,2,5,1,1,1,2,3,1,4,0,4,4,6,1,1,0,1,2,0,0,1,0,1,2,2,1,6,0,1,2
Zotu50,1,1,0,1,1,3,1,0,4,0,0,0,0,0,0,0,0,1,0,1,0,0,0,0,2,0,0,0,1,3
Zotu281,6,0,16,1,6,0,3,0,5,0,1,10,3,0,6,0,1,0,0,0,1,0,0,0,3,4,4,12,0,5
Zotu371,15,0,0,3,0,0,0,0,0,0,0,0,1,9,0,0,1,0,0,0,0,0,0,0,14,10,15,0,0,0
Zotu756,2,4,8,4,4,2,1,2,4,1,5,3,6,1,4,1,1,1,0,1,3,1,0,0,0,0,0,0,0,0
Zotu310,2,1,1,0,6,0,2,0,1,2,2,2,1,1,3,3,2,3,0,0,0,1,0,0,2,2,1,0,1,0
Zotu467,5,6,4,11,3,6,5,2,0,6,2,4,6,4,9,1,4,2,2,1,1,0,0,0,2,3,2,0,0,2
Zotu940,2,4,5,0,0,1,3,0,1,2,0,2,1,0,1,2,2,2,4,4,0,0,2,0,2,2,2,1,2,3
Zotu829,0,1,1,4,0,0,2,4,3,3,1,3,0,5,1,1,2,0,2,0,3,0,2,1,1,0,1,0,1,2
Zotu607,5,7,4,1,2,5,0,3,5,6,2,7,2,3,3,3,4,3,1,0,2,2,1,0,2,4,0,1,1,1
Zotu109,9,0,12,0,0,0,1,0,4,1,0,1,6,0,3,2,0,2,0,0,3,1,1,0,0,14,4,14,5,0
Zotu489,4,4,6,5,3,7,3,0,3,2,5,2,13,1,1,3,9,9,1,4,6,1,4,4,7,6,1,6,2,3
Zotu760,5,1,2,2,1,2,0,4,0,0,0,1,3,0,6,1,0,1,0,0,0,0,1,0,0,1,1,2,1,0
Zotu172,10,7,4,4,5,5,12,13,39,9,19,14,35,8,7,38,13,3,8,14,14,3,0,4,6,1,7,2,1,2
Zotu151,8,37,11,1,2,32,7,11,19,4,7,26,19,4,12,6,2,0,0,15,6,6,0,2,10,0,11,4,11,37
Zotu713,2,0,0,0,0,0,0,0,0,0,0,0,0,0,1,0,9,0,80,0,0,0,3,0,0,2,5,0,0,0
Zotu105,13,2,0,0,0,3,0,0,48,0,0,2,13,3,1,23,1,6,0,32,59,83,0,2,4,0,31,0,0,0
Zotu330,5,6,0,8,3,2,2,0,4,1,0,1,2,0,2,3,25,8,4,10,27,9,8,2,11,2,5,28,23,2
Zotu933,4,5,8,3,4,6,1,3,7,9,3,9,5,2,4,2,1,3,1,1,2,1,0,2,2,2,0,2,1,0
Zotu345,2,2,1,3,5,2,7,1,2,0,5,1,4,1,3,1,7,5,1,4,2,0,5,1,2,1,2,5,2,3
Zotu159,5,0,0,0,0,0,0,0,0,0,0,0,0,0,0,6,74,2,1,0,1,31,0,1,99,0,0,0,0,0
Zotu103,7,10,11,15,2,36,112,11,11,27,17,11,19,2,16,6,3,21,0,30,6,7,0,23,11,1,4,42,22,0
Zotu657,4,7,0,1,9,4,4,1,1,2,0,1,0,0,3,7,1,7,1,4,7,6,4,2,8,0,6,3,10,0
Zotu130,15,14,8,10,24,10,10,9,8,26,2,10,12,23,19,30,17,35,39,27,24,18,41,24,37,30,44,29,29,74
Zotu638,4,7,2,4,2,5,9,0,7,4,5,2,7,10,2,2,3,3,5,0,0,1,1,1,1,3,1,0,0,4
Zotu160,4,15,11,12,12,6,1,2,3,6,2,8,4,16,5,10,0,1,2,2,1,1,0,0,0,2,1,0,0,0
Zotu710,5,7,3,6,1,1,1,3,7,3,0,9,0,13,2,1,6,8,28,4,8,15,7,4,4,2,11,5,14,13
Zotu766,5,0,0,1,0,0,0,0,0,0,2,5,1,0,1,0,1,0,0,0,0,0,0,0,0,0,1,2,0,0
Zotu464,7,6,6,3,22,5,5,1,11,5,5,7,5,4,4,0,0,4,6,2,4,7,1,0,9,8,12,3,26,4
Zotu258,2,2,0,1,3,0,1,0,2,3,0,5,1,0,5,4,11,4,6,9,6,3,5,2,7,7,24,13,15,4
Zotu784,5,1,12,1,0,1,1,7,3,3,3,5,3,0,2,2,0,0,0,0,0,0,0,0,1,0,0,18,0,0
Zotu722,1,2,8,10,1,4,3,4,0,3,3,9,4,5,10,2,1,0,0,0,2,0,0,4,1,2,1,1,2,0
Zotu573,1,1,1,0,2,1,0,33,2,0,0,1,0,0,0,1,0,0,0,0,0,1,0,0,0,0,1,0,0,0
Zotu814,3,1,2,1,9,2,0,0,7,1,0,0,0,2,4,0,0,0,0,0,0,0,0,0,0,0,1,1,3,4
Zotu731,3,1,7,1,2,4,4,4,5,6,4,6,5,9,6,3,1,3,3,2,4,0,5,5,0,6,4,4,3,8
Zotu471,2,0,0,0,0,0,0,1,0,1,0,0,0,0,0,1,2,0,0,0,1,0,4,1,3,0,2,0,1,3
Zotu904,3,1,0,1,0,1,7,1,0,1,0,0,1,0,0,0,0,0,0,0,0,0,0,0,1,0,0,0,0,1
Zotu434,2,2,0,0,0,0,0,0,0,0,0,8,2,1,1,0,0,0,0,0,0,0,0,0,4,0,0,1,0,0
Zotu403,1,1,11,7,7,1,6,18,2,1,0,2,3,9,7,3,3,2,0,3,4,4,3,2,3,5,3,0,1,6
Zotu364,13,20,5,13,8,9,20,7,7,50,2,6,14,8,22,3,5,10,25,4,11,4,20,30,14,23,7,0,2,25
Zotu134,3,1,0,0,0,1,0,1,1,0,0,1,0,0,0,2,2,0,0,0,0,4,0,1,0,1,0,4,2,1
Zotu326,10,7,3,0,0,0,0,0,0,0,2,61,0,1,13,1,6,59,5,3,0,0,0,1,0,1,37,3,1,0
Zotu581,4,2,32,0,4,42,0,11,1,0,0,12,44,3,10,2,0,0,0,0,6,2,0,0,0,0,13,0,0,0
Zotu321,3,0,3,12,4,1,1,0,6,1,4,1,7,2,3,7,6,3,3,0,0,0,1,1,0,2,1,1,4,4
Zotu200,2,4,15,1,2,5,3,6,15,19,12,2,12,5,26,3,0,2,0,2,5,23,0,0,6,3,1,4,6,0
Zotu427,5,1,2,2,16,1,5,5,2,5,2,1,1,1,5,5,0,7,23,2,11,3,20,18,32,25,10,10,5,34
Zotu835,3,0,0,0,0,0,1,0,0,1,1,2,1,2,2,1,3,2,26,4,2,1,6,3,8,15,4,10,4,13
Zotu725,2,0,1,5,3,1,1,1,3,5,0,5,1,5,1,4,0,4,25,0,7,0,12,7,0,23,55,1,1,14
Zotu505,1,0,0,1,23,2,2,2,0,4,1,3,0,0,0,4,6,6,3,7,2,7,40,1,39,1,14,11,6,0
Zotu378,0,0,0,0,1,0,0,0,2,0,0,0,1,0,0,0,0,0,0,0,0,0,0,0,0,1,0,0,1,0
Zotu416,2,0,0,4,0,1,0,0,0,0,1,0,0,0,0,0,0,0,1,2,0,1,0,0,0,0,0,1,0,0
Zotu871,0,0,0,0,0,1,0,3,0,0,0,0,0,0,0,0,0,0,0,0,0,0,0,0,0,0,0,0,0,0
Zotu135,7,1,5,8,0,3,2,0,5,7,20,1,3,0,6,2,1,1,1,33,20,4,4,1,27,3,1,31,19,1
Zotu570,2,2,0,1,2,0,0,1,2,2,2,0,2,0,1,0,2,7,4,2,2,2,0,1,12,1,2,2,8,0
Zotu905,5,0,0,0,0,1,1,0,0,0,4,0,0,0,1,0,0,0,0,0,0,0,0,3,0,0,0,0,0,0
Zotu609,1,1,2,2,1,3,1,0,5,1,1,0,4,2,3,3,4,1,3,6,5,0,2,4,2,4,1,4,3,0
Zotu867,1,4,2,0,0,0,2,5,0,0,2,15,0,0,9,0,4,9,0,0,0,0,0,0,0,0,1,0,2,0
Zotu737,1,2,0,5,2,5,0,0,5,3,4,1,2,1,1,1,0,3,3,0,1,0,2,0,2,3,4,1,0,3
Zotu515,0,0,2,1,5,4,4,3,2,6,1,1,6,2,6,0,0,4,0,0,4,1,1,1,2,12,3,1,0,4
Zotu211,1,3,3,12,5,6,4,2,2,2,1,2,6,1,3,0,2,1,2,1,3,2,4,1,2,3,0,1,2,2
Zotu900,1,2,0,0,1,0,0,0,5,0,1,2,1,1,2,0,2,0,0,0,1,1,0,0,2,0,1,0,0,0
Zotu377,6,2,0,8,1,8,26,0,1,3,18,1,31,0,9,0,0,12,0,3,9,8,1,142,27,1,0,33,36,1
Zotu419,1,1,0,1,2,2,0,1,2,0,0,0,0,0,2,3,2,1,0,2,1,2,2,1,0,0,0,2,3,0
Zotu605,5,2,6,8,4,5,3,1,5,1,1,8,2,4,3,2,2,3,1,0,1,0,0,0,1,8,0,1,2,3
Zotu415,2,6,3,0,2,2,1,0,0,4,1,4,5,0,0,4,1,21,0,4,1,0,0,3,3,0,0,4,4,0
Zotu666,3,0,0,0,1,0,0,0,0,0,0,0,5,0,0,1,1,0,0,0,0,3,0,0,0,3,0,0,0,0
Zotu476,3,0,0,0,12,3,0,3,1,1,2,2,3,9,0,0,1,3,0,0,0,6,0,0,0,0,0,0,1,0
Zotu262,2,2,0,0,0,1,1,0,0,0,0,3,5,3,2,0,0,0,0,1,0,0,0,0,3,1,0,0,0,0
Zotu921,5,6,1,3,0,3,6,2,1,10,1,2,3,2,12,3,3,3,13,4,10,1,5,8,7,8,1,7,2,7
Zotu468,5,0,0,6,3,2,4,0,2,0,2,1,3,2,3,0,3,4,1,2,0,3,12,3,9,7,5,4,6,7
Zotu949,1,0,1,0,0,0,0,0,0,1,2,0,0,0,0,0,2,1,0,0,1,0,0,0,0,0,0,0,0,1
Zotu366,9,15,0,0,0,0,0,4,14,7,0,0,0,0,10,0,20,0,0,0,0,0,0,63,1,0,0,0,0,0
Zotu279,2,2,2,8,20,0,5,0,198,0,9,2,57,2,9,0,1,0,5,0,1,5,0,0,1,2,0,1,0,1
Zotu447,1,1,0,0,0,0,0,1,1,0,5,3,0,0,1,1,2,1,0,1,1,0,1,0,0,5,1,0,2,0
Zotu559,4,0,1,5,0,1,4,2,0,4,0,0,1,0,3,0,0,1,0,1,1,0,0,1,1,1,3,3,0,3
Zotu522,3,5,2,3,9,2,1,1,4,3,0,4,2,8,6,2,0,2,24,1,24,2,37,7,3,40,38,0,5,15
Zotu297,1,0,1,14,6,1,3,0,0,2,2,2,3,4,3,0,2,3,1,1,2,0,0,1,3,0,3,0,0,1
Zotu465,6,2,3,11,1,2,8,6,2,5,1,13,1,4,9,1,5,0,0,0,5,0,3,1,2,5,0,0,0,2
Zotu417,2,3,6,2,4,2,2,3,5,5,3,1,14,1,5,0,5,6,2,0,0,0,1,1,0,0,0,2,1,0
Zotu176,0,1,0,3,0,0,0,0,1,2,1,0,0,1,0,3,0,0,0,0,2,0,1,0,0,0,0,0,0,1
Zotu327,4,8,9,16,7,7,10,2,3,4,3,5,4,9,11,2,6,9,1,1,7,1,5,4,8,7,2,2,4,5
Zotu389,1,0,0,0,11,12,0,2,0,15,0,0,21,0,30,0,0,7,0,0,8,0,1,0,0,0,3,0,0,0
Zotu655,3,12,2,0,1,2,1,2,1,4,1,6,0,2,1,1,0,0,11,2,1,2,21,0,5,51,5,1,6,1
Zotu9,3,0,0,1,0,0,1,7,1,0,0,30,4,0,3,3,5,0,0,0,0,0,1,53,1,0,10,0,0,1
Zotu724,1,12,4,8,6,3,15,6,7,5,6,2,4,3,4,1,4,1,8,1,4,2,6,1,7,5,7,1,3,5
Zotu347,3,0,0,0,17,2,0,0,0,0,0,0,10,0,5,0,0,1,1,10,30,0,0,0,0,0,0,10,0,0
Zotu659,1,0,0,6,0,3,1,0,4,1,0,0,0,1,3,0,0,0,0,0,1,0,0,0,0,0,0,0,0,0
Zotu249,5,4,6,10,12,15,10,2,10,8,8,10,19,13,18,6,2,9,4,3,5,1,7,5,6,29,6,8,4,8
Zotu687,10,2,0,0,2,0,4,10,0,0,1,4,0,6,3,3,10,0,1,13,2,42,1,1,8,12,9,1,14,7
Zotu248,2,2,0,1,0,0,0,0,0,0,0,36,0,4,0,0,0,0,0,0,1,0,0,0,0,0,0,0,0,1
Zotu911,1,3,2,8,2,1,3,3,3,2,1,1,1,1,8,1,1,1,0,0,2,0,0,3,2,4,4,1,1,2
Zotu45,1,0,0,0,0,0,0,0,0,0,0,3,8,0,0,0,0,0,0,0,0,0,0,0,0,0,0,0,0,0
Zotu209,1,2,0,0,0,2,5,0,0,2,0,4,3,0,2,0,2,0,0,0,2,1,0,0,0,1,0,0,0,0
Zotu544,0,0,0,0,1,0,0,3,0,0,0,1,0,2,0,2,2,1,6,3,3,3,6,2,1,12,13,0,0,8
Zotu244,2,6,35,12,9,0,1,0,24,5,6,1,6,0,0,0,0,10,0,18,11,0,0,0,5,0,0,7,4,0
Zotu941,4,6,0,0,0,0,0,0,0,0,0,43,0,1,0,0,1,0,0,8,0,62,2,1,0,0,0,0,0,0
Zotu65,1,0,0,0,0,0,0,0,0,0,0,0,0,1,1,1,0,0,0,2,0,1,0,0,0,0,0,0,0,0
Zotu660,3,0,7,11,2,4,0,4,3,2,0,3,1,8,5,1,2,1,1,1,2,2,1,1,1,1,2,0,1,1
Zotu580,1,0,1,0,1,0,0,0,1,11,1,1,3,0,3,0,0,0,0,0,0,0,0,0,0,1,0,0,0,0
Zotu477,1,0,0,0,0,0,0,0,0,0,0,0,0,0,0,0,0,0,0,0,0,0,0,0,0,0,0,0,0,0
Zotu755,1,5,2,1,1,2,4,1,2,3,2,2,9,1,3,0,1,1,0,0,0,1,0,0,1,0,0,0,0,1
Zotu398,1,0,1,3,1,1,2,0,0,1,1,0,2,1,5,0,0,0,0,0,1,1,0,0,0,2,1,0,0,0
Zotu303,2,4,2,1,3,0,0,1,1,0,0,14,0,0,0,3,1,6,11,0,4,3,5,1,18,1,4,2,13,6
Zotu518,1,0,0,0,0,1,0,0,1,1,1,2,0,0,0,0,2,1,1,0,0,0,0,0,0,0,0,0,2,0
Zotu576,1,1,0,0,0,0,0,0,0,0,0,0,0,0,1,0,1,4,0,2,0,0,0,0,0,1,4,0,1,0
Zotu363,4,0,1,0,0,4,1,1,0,0,0,2,0,0,2,0,0,0,0,0,0,0,0,0,0,0,0,0,0,0
Zotu765,1,0,0,0,1,0,0,0,0,0,0,1,0,0,0,0,0,0,0,0,0,0,0,0,0,0,0,0,0,0
Zotu901,1,3,1,3,2,2,1,4,5,0,1,1,3,0,1,1,2,2,2,0,2,0,0,0,1,1,1,0,1,2
Zotu320,0,0,0,2,0,0,0,0,1,0,1,1,2,0,0,0,1,3,2,1,0,0,150,1,2,37,1,0,0,1
Zotu939,1,3,1,0,0,1,2,2,2,1,0,2,2,1,6,0,0,0,0,0,3,1,8,2,1,0,2,0,0,1
Zotu501,2,2,0,2,0,2,2,43,1,2,0,2,0,3,3,2,1,1,1,24,6,4,3,0,4,0,1,2,2,2
Zotu144,1,2,1,7,2,7,1,2,2,1,4,2,10,3,6,0,1,1,2,3,2,0,5,0,3,1,8,0,0,2
Zotu809,1,3,0,6,0,1,1,34,3,1,37,3,0,0,4,2,0,0,0,0,0,0,0,0,0,0,0,0,0,0
Zotu718,2,0,7,1,0,2,1,5,1,0,1,3,3,0,5,0,0,0,0,0,0,0,0,0,0,0,0,0,0,0
Zotu916,7,4,1,7,4,6,9,7,2,3,1,1,2,8,10,1,2,1,0,0,1,0,0,0,2,6,0,0,0,1
Zotu844,2,3,2,3,0,2,1,2,3,2,0,3,1,2,5,2,3,2,5,0,4,2,6,2,4,10,3,3,1,3
Zotu574,1,0,0,0,2,0,0,0,0,0,0,0,0,0,1,0,0,0,0,0,0,0,0,0,0,0,0,0,0,0
Zotu633,4,3,0,1,0,0,0,1,0,1,0,0,0,0,1,0,2,2,1,0,0,1,0,0,2,0,1,0,1,0
Zotu418,1,0,0,0,0,0,0,0,0,0,0,0,0,0,0,0,0,0,0,0,0,1,0,0,0,0,0,0,0,0
Zotu934,3,0,0,0,0,0,0,0,0,0,0,0,0,0,0,0,0,1,0,0,0,0,0,0,0,0,0,0,0,0
Zotu350,1,2,0,0,0,0,0,0,0,2,0,13,0,0,1,2,1,24,557,14,5,8,9,11,7,24,40,4,2,12
Zotu67,2,4,0,1,0,0,1,25,1,12,0,37,2,32,7,21,1,0,0,0,0,3,0,0,0,0,5,1,1,0
Zotu858,4,0,0,0,0,0,0,0,0,0,0,5,0,0,4,0,0,1,8,1,3,7,13,5,3,6,9,0,3,10
Zotu386,1,0,0,1,3,8,1,0,0,0,0,0,6,0,2,0,0,2,0,0,0,0,0,0,0,0,0,0,0,0
Zotu437,1,0,2,0,2,0,0,0,9,1,2,0,7,0,0,2,0,0,0,2,0,1,0,1,0,0,1,5,0,0
Zotu636,1,1,0,1,0,0,0,0,0,1,0,0,1,0,0,0,2,1,1,0,0,0,2,0,0,0,1,0,0,0
Zotu611,3,16,4,1,0,1,0,0,1,0,0,2,0,1,1,0,2,9,1,3,0,0,0,0,7,1,0,0,1,0
Zotu608,2,2,1,37,1,3,0,0,0,0,0,5,0,6,3,4,1,0,0,1,3,2,4,0,1,9,3,1,1,1
Zotu658,1,5,0,2,0,0,1,0,8,6,3,26,5,12,1,10,7,1,3,1,9,8,0,2,0,0,19,3,12,0
Zotu935,2,1,0,0,0,1,0,0,0,0,0,10,0,6,0,0,0,0,0,0,0,1,0,0,0,0,0,0,0,0
Zotu314,0,2,3,4,5,1,6,4,4,6,13,3,14,3,1,1,3,2,6,0,3,0,3,0,3,8,9,0,1,2
Zotu435,1,2,1,0,0,1,0,0,0,2,0,1,0,0,2,8,15,5,24,26,18,19,23,28,36,5,102,47,93,31
Zotu645,1,0,0,0,0,0,1,0,4,0,3,2,5,2,0,1,0,3,4,0,1,0,2,6,2,3,0,1,0,0
Zotu767,0,0,0,1,4,1,0,5,0,0,1,0,2,2,0,0,0,0,0,0,0,0,2,0,2,10,0,0,0,1
Zotu41,2,0,0,0,0,0,0,0,0,1,0,0,2,41,0,8,5,0,2,0,1,0,0,0,2,6,92,0,0,0
Zotu295,2,0,3,0,0,0,0,1,0,0,0,1,0,1,0,1,0,0,0,0,0,0,0,0,0,0,0,0,0,0
Zotu123,2,6,0,0,1,2,0,12,2,1,6,2,1,2,2,3,5,2,3,3,2,22,5,0,0,10,3,0,15,22
Zotu754,2,0,0,3,0,0,0,0,1,1,1,0,3,0,1,0,3,6,24,1,1,1,208,4,0,3,1,0,0,3
Zotu962,0,0,0,0,0,0,0,12,1,0,5,0,0,0,0,0,0,0,0,0,0,0,0,0,0,0,0,0,0,0
Zotu797,1,0,0,0,1,3,0,0,1,0,0,0,1,2,0,1,1,2,0,0,1,0,1,1,0,0,1,0,1,0
Zotu272,2,0,0,1,1,1,0,0,0,0,0,0,0,3,0,0,0,0,0,0,0,0,4,0,1,1,0,0,0,0
Zotu956,1,0,3,2,1,1,2,0,3,2,0,0,0,2,1,0,0,1,0,0,0,0,1,0,0,5,1,0,0,0
Zotu678,2,2,0,0,0,1,0,0,0,1,3,7,3,2,2,0,0,2,19,4,7,2,74,1,2,21,5,5,2,17
Zotu617,2,0,0,2,2,1,0,0,1,0,1,2,1,1,2,0,0,0,0,0,0,0,0,0,0,0,0,0,1,1
Zotu492,2,2,5,8,3,2,5,0,1,5,0,1,6,13,7,9,6,4,5,9,14,4,14,17,17,14,10,4,13,28
Zotu799,2,1,1,0,0,0,0,1,0,0,0,0,0,1,1,2,1,3,1,4,0,0,2,1,1,0,0,2,0,0
Zotu808,1,0,6,0,0,6,0,0,0,1,1,3,0,0,3,3,0,1,0,0,1,0,0,0,0,0,0,0,0,0
Zotu14,2,2,4,1,0,0,4,1,1,0,0,0,0,0,0,1,4,5,2,18,0,12,1,0,1,0,4,0,0,0
Zotu692,1,0,0,0,7,1,0,0,0,0,2,0,6,0,9,0,0,0,0,8,8,0,0,0,0,0,0,0,0,0
Zotu528,0,5,1,0,1,3,3,1,5,5,3,3,7,2,4,0,3,5,1,1,0,1,0,0,3,1,2,0,2,0
Zotu720,4,0,0,2,3,1,0,1,9,7,4,1,24,2,4,0,6,5,6,1,4,0,16,1,0,3,2,3,1,2
Zotu227,1,0,0,0,0,0,0,0,1,0,1,0,1,0,0,0,0,0,0,0,2,0,0,0,0,1,0,0,0,0
Zotu223,3,1,0,0,0,1,0,0,0,6,0,252,1,0,0,1,2,2,0,0,344,3,0,0,0,0,3,0,0,1
Zotu25,1,0,0,6,0,0,1,0,0,0,0,0,0,0,0,0,0,0,0,0,0,0,0,0,0,0,0,0,0,0
Zotu807,0,2,0,7,0,1,0,0,0,1,3,2,4,0,0,0,0,0,0,0,0,0,0,0,0,0,0,0,0,0
Zotu533,1,0,0,0,0,0,0,0,0,0,0,0,0,0,0,0,0,0,0,0,0,0,0,0,0,0,0,0,0,0
Zotu441,1,1,0,0,0,0,3,0,2,3,1,0,1,0,0,0,0,1,0,0,0,0,0,1,0,0,1,1,1,0
Zotu764,0,0,0,5,5,2,1,0,4,4,0,1,2,1,7,0,2,1,26,0,22,1,24,4,3,29,24,0,2,10
Zotu514,3,0,1,0,0,2,0,0,1,0,0,1,0,0,1,0,0,0,2,1,1,0,0,0,0,0,0,1,0,0
Zotu334,6,5,6,7,6,11,9,4,8,3,9,8,6,7,4,1,1,2,1,2,1,1,1,3,3,1,2,1,0,2
Zotu967,1,2,2,0,1,0,0,0,0,0,0,0,4,0,2,1,0,2,0,0,0,0,0,0,1,3,0,0,1,0
Zotu889,1,0,0,0,0,0,2,0,0,0,4,0,0,1,0,0,3,0,0,0,0,2,0,0,0,0,0,0,0,0
Zotu662,3,3,6,8,3,5,8,2,8,12,2,4,13,7,4,2,5,2,9,4,8,1,10,6,7,16,5,4,3,6
Zotu375,1,5,0,2,1,1,1,1,4,0,0,7,1,2,1,2,0,1,1,1,3,0,0,3,5,4,1,4,2,2
Zotu64,1,0,0,0,0,1,0,2,0,1,0,0,2,0,0,0,1,0,1,0,0,2,0,0,0,0,0,0,0,0
Zotu649,1,0,0,0,0,0,0,1,0,0,17,0,0,0,3,207,0,23,0,0,0,0,0,0,0,2,0,0,14,0
Zotu283,2,0,0,0,0,0,0,0,0,0,0,1,0,0,0,0,0,0,0,0,0,9,0,0,0,0,0,0,0,0
Zotu653,2,0,0,0,0,2,0,0,0,1,0,0,2,1,0,0,1,1,0,0,1,0,0,0,0,0,0,0,0,1
Zotu202,1,0,0,0,0,0,0,0,3,0,0,1,0,0,0,0,0,0,0,6,0,0,0,0,0,0,0,0,0,0
Zotu793,0,1,1,0,0,2,0,1,2,3,0,0,5,3,8,1,1,2,0,1,8,0,2,0,1,1,0,4,2,2
Zotu293,0,1,0,0,0,0,0,0,4,0,0,0,0,1,0,0,0,0,0,0,0,0,0,0,0,0,0,0,1,0
Zotu771,2,3,1,3,4,2,4,1,1,5,1,3,0,0,7,2,0,0,16,0,3,0,9,1,4,20,9,1,1,8
Zotu413,0,4,1,6,2,2,3,7,3,2,1,0,4,3,1,6,4,2,0,1,0,19,0,1,5,0,3,0,1,3
Zotu184,1,0,0,0,0,0,1,0,0,0,0,0,1,2,0,10,16,0,1,0,0,0,1,0,1,2,0,0,0,0
Zotu23,1,0,0,0,0,0,1,0,1,0,108,0,0,0,0,0,5,3,1,0,0,0,0,0,1,2,0,0,0,0
Zotu527,0,1,21,14,11,3,11,6,27,5,9,2,9,3,4,1,7,0,12,2,4,3,3,2,1,4,5,0,1,3
Zotu166,1,0,1,4,1,0,0,0,3,0,0,3,0,0,0,1,0,0,1,1,0,8,1,0,1,3,1,0,0,0
Zotu654,1,1,0,0,0,1,0,0,1,0,4,0,0,1,0,0,0,0,0,3,3,1,1,0,4,1,1,1,1,1
Zotu125,1,0,0,0,0,1,0,0,0,0,0,0,0,1,0,0,0,0,0,0,1,1,0,0,0,0,0,0,0,0
Zotu541,3,3,1,1,2,2,0,2,78,58,2,11,2,66,3,0,0,0,0,1,0,9,0,0,1,0,0,0,12,0
Zotu651,1,0,1,1,0,0,0,3,0,0,1,0,0,0,2,0,0,0,0,1,0,1,0,0,0,0,0,0,0,0
Zotu161,1,0,2,0,0,0,0,0,0,0,0,0,0,0,0,0,0,1,0,0,0,0,0,0,0,0,0,0,0,0
Zotu372,1,0,8,0,3,4,0,5,1,0,0,0,2,1,0,0,1,0,0,0,0,3,0,0,0,0,0,0,0,0
Zotu923,1,5,1,3,1,3,5,4,1,7,0,8,2,5,6,1,1,2,2,2,5,0,0,2,2,23,9,0,4,1
Zotu393,1,2,1,2,1,0,1,25,2,0,0,4,5,0,2,1,7,0,0,1,0,427,0,0,1,0,2,2,2,0
Zotu497,1,0,0,0,0,0,0,0,0,0,0,0,0,0,0,0,0,0,0,0,0,0,0,0,0,0,0,0,0,0
Zotu117,1,61,2,3,9,15,0,50,25,6,3,55,4,74,53,193,5,0,1,89,42,293,12,2,7,3,1,31,0,0
Zotu236,0,0,0,0,0,0,0,0,0,0,1,0,0,0,0,0,0,0,0,0,0,0,0,0,9,0,0,0,0,0
Zotu663,1,2,0,1,2,3,4,2,4,8,3,0,9,0,6,1,10,6,7,3,14,5,9,4,1,14,9,10,1,9
Zotu936,0,1,1,1,1,1,0,0,0,2,0,1,1,4,4,5,2,6,3,1,3,0,2,3,1,4,2,3,3,4
Zotu843,2,1,2,1,0,0,0,1,0,0,0,0,3,0,0,0,1,2,0,1,1,0,0,0,1,0,0,0,6,0
Zotu186,1,3,0,0,2,2,0,5,6,2,0,1,0,15,3,4,3,2,2,2,3,8,1,0,0,2,0,2,4,3
Zotu83,1,67,1,10,15,2,5,227,45,10,53,15,35,39,16,0,0,0,1,28,71,0,0,1,0,0,0,3,50,0
Zotu266,1,75,1,5,52,9,16,309,13,20,264,0,15,3,10,0,0,0,0,0,0,0,0,0,0,0,0,0,0,0
Zotu650,1,2,1,4,2,34,1,2,1,4,8,7,2,4,7,6,1,3,8,0,25,1,16,0,1,11,27,2,3,12
Zotu914,1,4,2,3,1,5,5,3,1,4,2,1,1,2,7,2,0,1,0,2,1,0,3,0,3,1,2,0,0,0
Zotu818,1,0,2,0,1,0,1,0,1,0,0,0,1,0,1,0,0,1,0,1,0,0,2,0,1,0,0,0,0,0
Zotu583,1,1,0,0,2,2,3,0,2,0,0,0,2,0,3,1,0,0,0,0,0,0,0,0,0,0,0,1,0,0
Zotu825,0,0,0,0,0,0,0,0,0,0,0,1,0,0,0,0,0,0,0,0,0,0,0,0,0,0,0,0,0,0
Zotu177,1,1,0,0,1,0,1,2,0,0,46,4,0,0,0,13,0,0,0,0,1,1,0,0,1,0,1,17,513,0
Zotu773,0,0,0,0,0,0,0,0,0,0,0,0,0,0,0,0,0,0,0,0,0,0,0,0,0,0,0,0,0,0
Zotu723,1,0,0,0,0,0,0,0,0,0,0,0,0,0,1,0,0,0,0,0,0,0,0,0,0,0,0,0,0,0
Zotu951,1,1,0,0,0,0,0,1,0,2,0,0,2,1,0,0,0,0,0,1,1,0,0,0,0,0,2,0,0,1
Zotu548,0,2,0,1,0,2,0,0,2,0,1,0,2,0,3,0,0,0,0,0,0,0,0,0,2,0,0,0,0,1
Zotu91,1,0,0,0,0,0,0,0,0,0,0,0,0,0,0,0,0,0,0,0,1,0,0,0,0,0,0,0,0,0
Zotu865,0,2,1,15,0,0,0,2,1,2,0,1,1,0,2,2,2,0,0,0,0,0,0,0,2,0,0,0,3,0
Zotu217,0,1,0,1,1,1,0,0,2,0,0,4,0,1,1,1,0,0,0,0,0,0,0,0,0,0,3,0,0,0
Zotu341,0,4,0,1,1,9,1,1,0,2,1,2,0,6,0,0,3,0,0,0,0,0,0,0,0,0,0,0,0,0
Zotu883,0,0,0,0,0,0,0,0,0,0,0,4,0,0,0,0,0,0,0,0,1,0,0,0,0,0,0,0,0,0
Zotu621,0,2,2,0,2,1,4,0,3,2,3,2,1,1,3,1,2,3,0,3,3,2,5,6,4,16,3,5,8,6
Zotu827,0,1,1,4,0,1,0,1,0,2,0,0,0,0,0,0,1,0,0,0,0,0,0,0,0,0,0,0,0,0
Zotu278,0,22,0,1,0,0,1,2,75,4,0,27,0,10,6,0,2,7,0,14,0,0,0,0,0,0,0,0,0,0
Zotu757,0,0,1,0,0,0,2,0,1,0,0,0,0,0,0,0,0,0,0,0,0,0,0,0,0,0,2,0,0,0
Zotu588,0,1,2,1,3,1,1,1,1,3,4,5,2,4,0,4,3,8,7,6,5,0,8,3,11,10,5,2,3,3
Zotu644,0,0,3,0,0,4,0,1,2,2,2,1,1,1,0,0,0,0,4,0,3,0,0,0,0,0,0,0,0,0
Zotu646,0,0,0,0,4,0,0,0,0,0,1,0,5,0,0,0,0,0,0,0,0,0,0,0,0,0,0,4,0,0
Zotu785,0,6,7,1,1,4,1,0,2,1,3,1,6,0,8,0,1,1,0,0,3,0,4,4,1,1,0,1,1,0
Zotu620,0,1,0,0,0,0,1,0,1,0,2,0,0,0,2,0,0,0,0,0,1,0,0,0,0,0,0,0,0,0
Zotu896,0,6,1,2,0,0,0,0,1,2,2,13,2,4,1,3,5,0,54,2,3,8,3,18,1,16,11,0,2,36
Zotu810,0,0,0,0,0,0,0,0,0,0,0,0,0,0,0,0,3,0,0,0,0,0,0,0,0,0,0,0,0,0
Zotu727,0,0,0,2,2,1,0,0,0,0,1,1,0,2,1,1,5,2,1,0,3,0,1,1,3,7,3,0,1,3
Zotu671,0,0,1,0,0,0,0,2,0,0,0,0,0,0,0,0,0,0,0,0,0,0,0,0,0,1,0,0,0,0
Zotu502,0,0,0,0,1,7,0,7,1,0,15,3,0,4,1,0,0,2,0,17,0,1,0,0,1,0,0,0,0,0
Zotu870,0,4,7,1,0,1,4,0,5,3,5,3,3,0,0,1,2,1,3,2,1,0,0,4,0,3,2,0,0,1
Zotu774,0,1,2,3,0,0,0,1,3,0,0,0,2,0,2,0,0,0,0,0,0,0,0,0,0,0,1,0,0,0
Zotu759,0,0,3,0,1,0,0,0,0,1,0,1,1,0,2,0,5,4,0,1,1,5,0,0,4,4,2,4,3,1
Zotu328,0,0,0,0,3,0,0,0,216,0,16,0,4,0,4,0,0,0,0,0,0,0,0,0,0,0,0,0,0,0
Zotu276,0,0,0,0,0,0,0,0,0,1,0,2,0,0,0,0,3,4,0,8,1,1,2,0,0,0,2,0,3,0
Zotu813,0,0,0,5,0,2,0,0,0,0,9,0,0,1,0,0,1,1,0,0,2,0,0,1,23,0,0,0,9,0
Zotu912,0,0,0,0,0,0,0,0,2,0,0,0,0,0,0,0,0,0,0,5,0,0,0,0,0,0,0,0,0,0
Zotu670,0,1,0,0,0,0,0,0,0,1,0,0,0,3,2,2,0,0,1,11,0,0,0,0,2,0,0,0,0,1
Zotu792,0,0,0,1,0,0,0,0,0,0,0,0,1,0,0,0,0,0,0,0,0,0,0,0,0,0,0,0,0,0
Zotu622,0,2,3,1,2,0,3,0,1,0,3,1,0,0,2,0,0,0,0,0,0,0,1,0,1,0,0,0,1,0
Zotu895,0,5,2,14,3,0,6,1,6,7,1,4,3,11,5,0,2,4,2,2,5,2,6,0,1,3,6,1,1,3
Zotu267,0,0,0,0,0,0,1,0,1,0,0,1,0,1,2,0,2,0,0,1,0,0,0,0,0,0,0,0,0,0
Zotu627,0,7,2,1,0,3,0,0,3,2,0,3,1,0,2,3,1,1,1,1,1,0,3,0,5,1,0,1,0,0
Zotu553,0,0,0,0,0,0,0,0,0,0,0,0,0,0,0,0,0,0,0,0,0,0,0,0,0,0,0,0,0,0
Zotu626,0,1,4,1,3,11,8,2,5,1,3,5,19,0,8,0,0,4,0,0,0,0,0,0,0,0,0,7,0,0
Zotu641,0,3,3,0,0,6,6,0,0,0,0,4,2,6,3,2,1,0,0,21,1,3,2,0,0,0,0,2,0,0
Zotu695,0,0,2,0,2,0,0,0,0,0,0,0,1,0,0,0,0,0,0,0,0,0,0,0,0,0,0,0,0,0
Zotu822,0,0,0,0,0,0,0,1,0,0,0,0,0,0,0,0,0,0,0,0,0,0,0,0,0,0,0,0,0,0
Zotu406,0,0,1,4,0,0,0,1,0,14,1,0,0,2,0,0,0,0,0,13,0,0,0,0,0,2,0,0,0,0
Zotu635,0,0,4,1,0,1,3,0,3,3,0,1,1,0,4,0,0,2,0,0,0,0,0,0,0,0,0,0,0,0
Zotu694,0,2,1,1,2,2,2,2,2,0,0,1,6,2,4,0,2,0,2,0,1,2,0,0,2,9,0,1,3,4
Zotu661,0,3,0,0,0,0,0,0,0,0,0,0,0,1,0,0,0,0,0,2,0,0,0,2,1,0,0,1,1,1
Zotu534,0,0,58,0,0,0,0,0,5,0,1,1,0,0,0,0,0,0,0,0,0,0,0,0,0,0,0,0,0,0
Zotu221,0,0,1,0,0,0,2,0,0,2,0,0,1,1,2,0,0,1,0,0,0,12,0,0,0,0,0,0,0,0
Zotu826,0,0,0,0,0,0,0,0,0,1,3,0,0,0,0,0,0,0,0,0,0,0,0,0,1,1,0,0,0,0
Zotu392,0,0,0,0,0,0,0,0,0,0,0,0,0,0,0,0,0,0,0,0,0,0,0,0,0,0,0,0,0,0
Zotu410,0,4,6,2,1,0,1,1,0,1,0,0,1,0,1,1,0,4,1,0,0,0,0,0,2,0,0,0,3,1
Zotu874,0,0,0,0,0,0,0,0,1,0,0,0,1,1,0,0,0,0,0,0,0,0,0,0,0,0,0,0,0,0
Zotu424,0,0,0,2,2,4,0,0,1,9,0,0,1,1,5,5,0,3,0,1,3,24,3,3,2,1,1,1,2,0
Zotu735,0,0,0,0,0,9,51,0,10,0,0,2,0,0,1,0,0,0,0,0,1,0,2,0,0,0,0,0,0,0
Zotu628,0,0,0,1,4,0,1,0,0,2,0,2,0,5,0,0,3,7,0,0,0,1,1,2,2,0,2,14,0,0
Zotu470,0,1,2,0,0,7,6,0,2,3,5,6,21,1,14,0,2,2,0,0,0,0,1,1,0,0,0,1,0,0
Zotu857,0,0,0,0,0,0,0,0,0,0,0,1,0,1,0,0,0,0,0,0,0,0,0,0,0,0,0,0,0,0
Zotu887,0,0,1,0,0,0,0,0,0,0,0,0,0,2,0,1,0,0,0,0,1,0,0,1,0,0,0,0,0,0
Zotu721,0,0,0,0,0,0,0,0,0,0,0,0,0,0,0,0,0,0,0,0,0,0,0,0,0,0,0,0,0,0
Zotu396,0,0,0,1,0,2,0,0,0,0,0,0,0,1,2,1,0,0,0,0,0,0,1,0,0,0,0,0,0,0
Zotu385,0,4,0,2,0,0,1,2,7,1,0,0,2,0,2,0,0,1,0,0,0,0,1,0,0,4,2,0,0,0
Zotu485,0,0,3,0,0,0,0,0,0,0,1,0,0,18,1,0,0,0,0,1,5,2,34,4,3,20,19,1,31,7
Zotu643,0,2,0,2,0,0,0,0,1,0,0,1,0,0,0,0,0,2,1,0,2,0,0,0,1,1,0,0,0,1
Zotu800,0,0,0,0,0,0,0,0,0,0,0,0,0,0,0,0,0,0,6,0,0,0,0,0,0,2,1,1,1,7
Zotu482,0,0,0,0,0,0,0,0,0,0,0,0,0,1,0,0,2,0,0,0,0,0,0,0,0,0,0,0,0,0
Zotu483,0,1,0,0,0,0,0,0,0,0,1,4,1,2,0,1,2,4,5,0,1,5,3,2,1,0,3,0,5,2
Zotu592,0,0,1,0,0,0,0,0,0,0,0,0,0,0,0,0,0,0,0,0,2,0,0,0,0,0,0,0,0,0
Zotu463,0,0,0,0,0,0,0,0,0,0,0,0,0,0,0,0,0,0,0,0,0,4,0,0,0,0,0,0,0,0
Zotu886,0,0,0,0,0,0,0,0,0,0,0,0,0,0,0,0,0,0,0,0,0,0,0,0,0,0,0,0,0,0
Zotu107,0,0,0,0,0,0,0,0,0,1,0,0,1,0,0,0,0,0,0,0,0,0,0,0,1,0,0,0,0,0
Zotu775,0,0,0,2,0,0,0,0,0,3,0,1,0,0,0,0,3,2,0,0,0,1,0,0,1,0,0,0,1,0
Zotu881,0,2,2,0,0,1,0,0,0,0,0,1,0,0,0,0,0,7,2,0,0,0,0,0,5,0,0,0,2,0
Zotu19,0,0,1,0,0,0,3,0,0,0,0,0,0,1,0,1,0,1,0,9,1,0,0,0,0,0,0,0,0,0
Zotu922,0,0,0,0,0,0,0,0,0,0,0,0,0,0,0,0,0,0,0,0,0,0,0,0,0,0,0,0,0,0
Zotu675,0,0,0,0,0,0,0,0,0,0,0,14,0,0,0,0,0,3,2,1,4,0,0,2,3,0,0,3,0,0
Zotu703,0,0,0,0,0,0,0,0,0,0,0,0,0,0,0,0,0,0,0,0,0,0,0,0,0,1,0,0,0,0
Zotu356,0,11,0,0,0,0,1,1,0,0,0,0,2,22,4,1,0,0,0,1,2,42,570,3,3,4,1,3,2,9
Zotu747,0,39,0,0,0,0,0,0,0,1,9,109,2,0,0,0,0,0,1,2,0,31,0,1,0,2,1,1,0,0
Zotu506,0,2,1,0,0,0,0,7,1,0,0,0,0,0,0,0,0,0,0,0,0,0,0,0,0,0,1,0,0,0
Zotu953,0,2,0,3,0,4,0,0,14,0,1,5,1,18,21,5,0,0,0,16,1,8,0,2,0,3,0,0,0,0
Zotu395,0,2,0,0,0,3,0,0,3,0,0,0,1,0,1,17,0,0,0,14,1,0,0,0,0,0,1,0,0,0
Zotu456,0,1,0,1,0,0,1,0,0,0,0,2,1,0,1,0,0,0,0,0,0,0,0,0,0,1,0,0,0,0
Zotu157,0,1,1,0,0,0,0,0,2,0,0,0,0,0,0,0,1,0,0,0,0,0,0,0,2,0,0,0,0,0
Zotu52,0,3,0,0,0,0,0,0,1,0,2,18,0,0,0,1,0,1,1,24,0,0,0,0,0,0,1,0,0,0
Zotu860,0,1,0,1,0,0,0,0,0,0,0,0,0,0,0,0,0,0,0,0,0,0,0,0,0,0,0,0,0,0
Zotu536,0,8,12,0,0,1,3,72,1,0,3,0,0,0,0,4,1,0,0,0,0,0,1,1,0,0,0,0,1,0
Zotu519,0,2,0,1,1,5,1,2,2,1,0,2,5,0,1,0,0,1,0,0,1,0,0,0,0,0,0,0,0,0
Zotu884,0,0,0,0,0,2,1,0,0,1,0,0,3,1,0,0,0,5,0,1,4,0,0,0,9,0,0,0,0,0
Zotu199,0,4,0,0,0,0,0,0,0,0,0,0,0,0,0,0,0,0,0,0,0,0,0,0,0,0,0,0,1,0
Zotu524,0,6,0,0,2,0,0,4,1,0,0,6,2,10,4,45,0,0,0,17,8,40,6,0,0,0,1,4,0,0
Zotu601,0,0,1,0,1,0,0,0,0,0,1,1,0,0,0,0,0,0,3,1,0,0,0,0,0,1,1,0,0,0
Zotu603,0,1,0,0,0,0,0,55,0,0,0,15,1,0,5,0,0,1,1,0,2,19,0,0,0,0,0,0,0,0
Zotu942,0,1,0,0,0,0,0,0,1,1,0,0,0,0,0,3,0,2,0,3,0,28,0,6,12,0,0,0,2,0
Zotu648,0,1,0,0,0,0,0,2,0,0,0,4,0,2,0,1,0,0,0,1,0,2,0,0,0,0,0,0,0,0
Zotu336,0,4,1,2,0,2,1,0,0,0,0,2,1,0,3,0,0,0,0,0,0,0,0,0,0,1,0,0,0,0
Zotu543,0,4,0,9,0,0,0,0,0,0,0,0,0,0,0,0,0,1,0,0,0,0,0,3,0,0,0,0,0,0
Zotu273,0,0,0,0,0,0,0,0,12,0,0,0,0,0,0,0,0,0,0,0,0,0,0,0,0,0,0,0,0,0
Zotu6,0,0,0,0,0,0,0,0,2,0,0,0,1,0,0,0,0,0,0,0,0,1,1,0,1,1,0,0,0,0
Zotu863,0,1,0,0,0,0,0,0,0,0,0,0,0,0,0,0,0,0,0,0,0,0,0,0,0,0,0,0,0,0
Zotu957,0,1,0,0,1,0,0,0,0,0,0,0,0,0,0,0,0,0,0,0,0,0,1,0,0,0,0,0,2,0
Zotu926,0,1,0,0,0,0,0,0,0,0,0,0,0,0,0,0,0,0,0,0,0,0,0,0,0,7,0,0,0,0
Zotu420,0,0,0,0,0,0,0,0,0,0,0,0,0,0,0,0,0,0,0,0,0,0,0,0,0,0,0,0,0,0
Zotu913,0,1,0,0,0,0,0,0,0,0,0,0,0,0,1,0,0,0,0,0,0,0,0,0,0,0,0,0,0,0
Zotu204,0,0,0,0,0,1,0,0,0,0,0,0,0,1,0,0,1,0,0,0,0,1,0,0,0,0,0,0,1,0
Zotu968,0,0,0,0,0,0,0,0,0,0,0,0,0,0,0,0,0,0,0,0,0,0,0,0,0,0,0,0,0,0
Zotu619,0,0,0,0,0,0,0,0,0,0,0,0,0,0,0,0,0,0,0,0,0,0,0,0,0,0,0,0,0,0
Zotu442,0,0,0,1,0,0,0,0,1,0,5,0,2,0,0,0,0,0,0,0,0,0,0,0,0,0,0,1,0,0
Zotu828,0,0,0,0,1,0,0,0,0,0,0,0,1,0,0,0,0,1,1,0,0,0,3,1,0,1,2,0,0,0
Zotu137,0,0,0,0,0,0,0,3,3,0,0,0,23,0,1,0,0,0,0,0,0,19,0,43,2,0,0,0,2,0
Zotu102,0,0,0,0,6,0,0,3,22,0,5,0,12,0,0,0,0,0,0,0,0,23,0,58,6,2,0,16,0,0
Zotu868,0,0,0,0,60,25,4,5,46,8,107,2,232,17,0,0,0,0,0,0,0,1,0,0,0,0,0,0,0,0
Zotu216,0,0,0,0,0,0,0,0,0,0,0,0,0,0,0,0,0,0,0,0,0,0,0,0,0,0,0,0,0,0
Zotu539,0,0,0,0,2,0,0,0,8,0,0,0,4,0,0,0,0,0,0,0,0,0,0,0,0,0,0,0,0,0
Zotu346,0,0,0,4,0,0,0,0,0,18,0,0,0,0,0,11,146,4,2,0,0,2,4,365,99,71,204,31,33,0
Zotu141,0,0,1,1,1,0,0,1,0,42,0,0,0,0,0,7,97,4,0,0,0,3,3,278,55,44,145,14,27,0
Zotu872,0,0,0,0,0,0,0,0,0,0,0,0,1,0,1,0,0,0,0,0,0,0,0,0,0,1,0,2,0,0
Zotu178,0,0,0,0,0,0,0,0,0,0,0,1,0,0,0,0,0,0,0,1,1,0,0,0,0,3,1,0,0,1
Zotu20,0,0,0,0,0,0,0,0,0,0,0,6,0,0,1,0,0,0,0,0,0,6,0,0,0,0,0,0,0,0
Zotu474,0,0,0,0,0,0,0,2,0,0,0,0,0,0,0,0,0,0,0,0,0,0,0,0,0,0,0,0,0,0
Zotu751,0,0,0,2,0,1,0,36,1,0,0,0,18,0,0,0,0,0,0,0,0,0,0,0,0,0,0,0,0,0
Zotu142,0,0,0,0,0,0,0,0,0,0,0,0,0,0,0,0,0,0,0,0,0,0,0,0,0,0,0,0,0,0
Zotu180,0,0,0,0,0,0,0,0,0,0,0,0,0,0,0,0,0,0,0,0,0,0,0,0,0,0,0,0,0,0
Zotu776,0,0,1,3,2,0,3,1,2,4,3,0,1,1,0,0,1,0,1,0,0,0,1,0,0,1,2,0,0,3
Zotu726,0,0,0,0,0,0,0,0,0,0,0,0,0,0,2,0,1,0,0,0,0,1,0,1,0,0,0,0,0,1
Zotu48,0,0,0,0,0,0,0,0,0,0,0,0,0,0,0,0,0,0,0,0,0,0,0,0,0,0,0,0,0,0
Zotu3,0,0,0,0,0,0,0,0,0,0,0,0,0,0,0,0,0,0,0,0,0,0,0,0,0,0,0,0,0,0
Zotu558,0,0,0,0,0,2,0,0,0,2,0,1,1,0,1,0,0,0,0,0,0,0,0,0,4,0,1,6,0,0
Zotu1,0,0,1,0,0,0,0,1,0,0,0,0,0,0,0,0,0,0,0,0,0,0,0,0,0,0,0,0,0,0
Zotu682,0,0,1,0,0,0,1,0,0,0,0,0,0,0,0,0,0,0,0,0,0,0,0,0,0,0,0,0,0,0
Zotu529,0,0,0,0,0,0,1,1,0,0,1,0,0,0,0,4,0,3,0,0,1,0,0,0,0,0,0,1,1,0
Zotu806,0,0,0,1,0,0,0,0,0,0,0,0,0,0,0,0,0,0,0,0,0,0,0,0,0,0,0,0,0,0
Zotu175,0,0,0,0,0,0,0,0,0,0,0,0,0,0,0,0,0,0,0,0,0,0,0,0,0,0,0,0,0,0
Zotu457,0,0,0,0,0,0,0,0,0,0,0,0,0,0,0,0,0,0,0,0,0,0,0,0,0,0,0,0,0,0
Zotu798,0,0,0,0,0,0,0,0,0,1,0,0,0,0,0,0,0,0,0,0,0,0,0,0,0,1,0,30,0,8
Zotu51,0,0,0,0,0,0,0,0,0,0,0,0,0,0,0,0,0,0,0,0,0,1,0,0,0,0,0,0,0,0
Zotu195,0,0,0,1,0,0,0,0,0,0,0,0,0,0,0,0,0,0,0,0,0,0,0,0,0,0,0,0,0,0
Zotu535,0,0,0,0,0,0,0,0,0,0,0,0,0,0,0,0,0,0,0,0,0,0,0,0,0,0,0,0,0,0
Zotu255,0,0,0,0,0,0,0,0,0,0,0,0,0,0,0,0,0,0,0,0,0,0,0,0,0,0,0,0,0,0
Zotu587,0,0,0,0,0,0,0,0,0,0,0,1,0,2,2,1,0,0,0,8,1,1,1,0,0,0,1,0,0,0
Zotu537,0,0,0,0,0,0,0,0,0,0,0,0,0,2,0,0,0,0,0,1,1,0,0,0,0,0,0,0,0,0
Zotu322,0,0,0,0,0,1,0,4,0,0,0,1,0,1,0,1,0,0,0,0,0,0,0,1,0,0,0,0,0,0
Zotu124,0,0,0,2,0,0,0,0,0,0,0,0,0,0,0,0,0,0,0,0,0,0,0,0,0,0,0,0,0,0
Zotu752,0,0,0,0,0,0,0,0,0,1,0,0,0,0,0,0,0,0,0,0,0,0,0,0,0,0,0,0,0,0
Zotu404,0,0,0,0,0,0,0,0,6,0,0,10,1,0,6,0,0,0,0,0,1,64,0,2,0,0,7,0,6,0
Zotu642,0,0,0,1,0,0,0,0,0,0,0,0,0,0,0,0,1,1,1,0,0,0,0,0,0,2,0,0,0,0
Zotu714,0,0,0,1,0,0,0,0,1,0,0,0,0,0,0,0,0,0,0,0,0,0,0,0,0,0,0,1,0,0
Zotu309,0,0,0,0,0,2,3,0,0,0,0,0,0,0,0,0,0,0,0,0,0,0,0,0,0,0,0,0,0,0
Zotu832,0,0,0,0,0,0,0,0,0,0,0,0,0,0,0,0,0,0,0,0,0,0,1,0,0,0,0,0,0,0
Zotu358,0,0,0,0,0,2,0,0,0,0,0,3,0,1,0,0,0,0,0,1,0,1,0,0,0,0,0,0,1,0
Zotu704,0,0,0,0,0,0,0,0,3,0,0,0,4,0,0,0,1,0,0,36,0,11,0,0,0,0,1,0,0,0
Zotu462,0,0,0,0,0,0,0,134,186,0,2,1,10,0,0,0,0,0,0,2,0,0,0,0,0,0,6,1,0,0
Zotu972,0,0,0,0,0,0,0,0,0,0,0,0,0,0,0,0,0,0,0,0,0,0,0,0,0,0,0,0,0,0
Zotu743,0,0,0,0,0,0,0,0,0,0,0,0,0,0,0,0,0,0,0,0,0,0,0,0,0,0,0,0,3,0
Zotu87,0,0,0,0,0,0,0,0,0,0,0,0,0,0,0,0,0,0,0,0,0,0,0,0,0,0,0,0,0,0
Zotu563,0,0,0,0,0,0,0,0,0,0,0,0,0,0,0,0,0,0,0,0,0,0,0,0,0,1,0,0,0,0
Zotu219,0,0,0,0,1,0,0,0,0,0,0,0,0,0,0,0,0,1,0,0,0,0,0,0,0,0,0,0,0,0
Zotu811,0,0,0,0,0,0,1,0,0,0,0,0,0,0,0,0,0,0,0,0,0,0,0,0,0,0,0,0,0,0
Zotu820,0,0,0,0,1,0,0,0,0,0,0,0,0,0,0,0,0,0,0,0,0,0,0,0,0,0,0,0,0,0
Zotu339,0,0,0,0,0,0,0,0,0,0,0,0,0,0,0,0,0,0,0,0,0,0,0,0,0,0,0,0,0,0
Zotu401,0,0,0,0,0,0,0,1,0,0,0,0,0,0,0,0,0,0,3,0,0,0,0,1,1,0,0,1,0,0
Zotu623,0,0,0,0,0,0,0,1,0,0,187,0,1,0,0,0,0,0,0,0,0,0,0,0,0,0,0,0,0,0
Zotu693,0,0,0,0,0,0,0,0,0,0,0,0,0,0,0,2,0,0,0,1,0,0,0,0,0,0,0,0,0,0
Zotu304,0,0,0,0,0,0,0,0,0,0,0,0,0,0,0,0,0,0,0,0,0,0,0,0,0,0,0,0,0,0
Zotu902,0,0,0,0,0,0,0,0,1,0,0,0,0,0,0,0,0,0,0,0,0,0,0,0,0,0,0,0,0,0
Zotu61,0,0,0,0,0,0,0,0,0,0,0,0,0,0,0,1,0,0,0,0,0,1,0,0,0,0,0,0,0,0
Zotu300,0,0,0,0,0,0,0,0,0,0,0,0,0,0,0,0,0,0,0,0,0,0,0,0,0,0,0,0,0,0
Zotu193,0,0,0,0,0,0,0,0,0,0,0,0,0,0,0,0,0,0,0,0,0,0,0,0,0,0,0,0,0,0
Zotu779,0,0,0,0,0,0,0,0,0,0,0,0,0,0,1,0,1,1,0,0,0,0,1,0,0,0,0,0,2,0
Zotu10,0,0,0,0,0,1,0,0,0,0,0,0,0,0,0,0,0,0,0,0,1,0,0,0,0,0,0,0,0,0
Zotu99,0,0,0,0,0,1,0,1,0,1,0,1,0,0,0,2,0,1,0,0,1,7,0,2,0,0,0,0,0,0
Zotu373,0,0,0,0,0,0,0,0,0,0,0,0,0,0,0,0,0,0,2,2,1,9,0,0,0,1,0,0,2,1
Zotu165,0,0,0,0,0,0,0,0,0,0,0,0,0,1,0,0,2,0,0,0,0,0,0,0,0,0,0,0,0,0
Zotu507,0,0,0,0,0,0,0,0,0,0,0,0,0,0,0,0,0,0,0,0,0,0,0,0,0,0,0,0,0,0
Zotu789,0,0,0,0,0,0,0,0,0,0,0,0,0,0,0,0,0,0,0,0,0,0,0,0,0,0,0,0,0,0
Zotu696,0,0,0,0,0,0,0,0,0,0,0,0,0,0,0,0,0,0,0,0,0,0,0,0,0,0,0,0,0,0
Zotu652,0,0,0,0,0,0,0,0,0,0,0,0,0,0,0,0,0,0,0,0,0,0,0,0,0,0,0,0,0,0
Zotu875,0,0,0,0,0,0,0,0,0,0,1,0,0,0,0,0,0,0,0,0,0,1,0,0,0,0,0,0,1,0
Zotu952,0,0,0,0,0,0,0,0,0,0,0,0,0,0,0,0,0,0,0,0,0,0,0,0,0,0,0,0,0,0
Zotu349,0,0,0,0,0,0,0,0,0,0,0,0,0,0,0,0,0,0,0,0,0,0,0,0,0,0,0,0,0,0
Zotu361,0,0,0,0,0,0,0,1,0,0,0,0,0,0,0,0,0,0,0,0,0,0,0,0,0,0,0,1,0,0
Zotu532,0,0,0,0,0,0,0,0,0,0,0,0,0,2,0,0,0,0,0,0,0,1,0,0,0,0,0,0,0,0
Zotu802,0,0,0,0,0,3,0,1,0,0,0,1,1,0,0,3,0,0,0,4,0,0,0,0,0,0,0,0,0,0
Zotu231,0,0,0,0,0,1,0,0,0,0,0,0,1,0,0,0,0,0,0,0,0,0,0,0,0,0,0,0,0,0
Zotu228,0,0,0,0,0,0,0,2,2,0,0,0,0,1,3,0,0,0,0,0,0,0,0,0,0,0,0,0,0,0
Zotu106,0,0,0,0,0,1,0,5,0,0,0,1,0,2,0,0,1,0,0,0,0,0,0,0,0,0,0,0,0,0
Zotu899,0,0,0,0,0,1,0,0,0,0,0,0,0,0,0,0,0,1,0,0,0,0,0,0,0,0,0,1,0,0
Zotu49,0,0,0,0,0,0,0,0,23,0,0,1,2,6,0,3,0,0,0,0,0,3,0,0,0,0,0,0,0,0
Zotu736,0,0,0,0,0,0,0,0,0,0,0,0,0,0,0,0,0,0,0,0,0,0,0,0,0,0,0,0,0,0
Zotu74,0,0,0,0,0,1,0,1,0,0,0,0,0,0,0,0,0,0,0,0,0,2,0,0,0,0,0,0,0,0
Zotu511,0,0,0,0,0,0,0,0,1,0,0,0,1,0,0,0,0,2,0,0,0,0,0,0,1,0,0,0,0,0
Zotu365,0,0,0,0,0,0,0,0,0,0,0,0,0,0,0,0,0,0,0,0,0,0,0,0,0,0,0,0,0,0
Zotu382,0,0,0,0,0,0,1,0,0,0,0,0,0,0,0,0,0,0,0,0,0,0,0,0,0,0,0,0,0,0
Zotu616,0,0,0,0,0,0,1,0,0,0,0,0,0,0,0,0,0,0,0,0,0,0,0,0,0,0,0,0,0,0
Zotu853,0,0,0,0,0,0,0,0,0,0,0,0,0,0,0,0,0,0,0,0,0,0,0,0,0,0,0,0,0,0
Zotu610,0,0,0,0,0,0,2,0,0,0,0,0,0,0,0,0,0,0,0,0,0,0,0,0,0,0,1,0,0,0
Zotu585,0,0,0,0,0,0,0,0,0,0,0,0,0,0,0,0,0,0,0,0,0,0,0,0,0,1,0,0,0,0
Zotu128,0,0,0,0,0,0,0,1,0,0,1,0,0,2,0,1,0,0,0,0,0,0,0,0,0,0,1,0,0,0
Zotu344,0,0,0,0,0,0,0,1,0,0,0,0,0,0,0,0,0,0,0,0,0,0,0,0,0,0,0,0,0,0
Zotu480,0,0,0,0,0,0,0,14,0,0,22,0,0,0,0,0,0,0,0,0,0,0,0,12,3,0,0,0,0,0
Zotu240,0,0,0,0,0,0,0,4,0,0,0,2,0,1,0,3,0,0,1,0,0,7,0,0,0,0,0,0,0,0
Zotu292,0,0,0,0,0,0,0,2,0,0,0,0,0,0,0,0,0,0,0,0,0,0,0,0,0,0,0,0,0,0
Zotu791,0,0,0,0,0,0,0,1,0,0,0,0,0,0,0,0,0,0,0,0,0,0,0,0,0,0,0,0,0,0
Zotu945,0,0,0,0,0,0,0,1,1,0,0,0,1,0,0,0,0,0,0,0,0,0,0,0,0,0,0,0,0,0
Zotu235,0,0,0,0,0,0,0,0,0,0,0,0,0,0,0,0,0,0,0,0,0,0,0,0,0,0,0,0,0,0
Zotu12,0,0,0,0,0,0,0,1,0,0,0,0,0,0,0,0,1,0,0,0,0,4,0,0,0,0,0,0,0,0
Zotu943,0,0,0,0,0,0,0,0,0,0,0,0,0,0,0,0,0,0,0,0,0,0,0,0,0,0,0,0,0,0
Zotu551,0,0,0,0,0,0,0,0,0,0,0,0,0,0,0,0,0,0,0,0,0,0,0,0,0,0,0,0,0,0
Zotu701,0,0,0,0,0,0,0,0,11,0,0,0,0,0,0,0,0,0,0,0,0,4,0,0,0,0,0,0,0,0
Zotu362,0,0,0,0,0,0,0,0,1,0,0,0,0,0,0,0,0,0,0,0,0,0,0,0,0,0,0,0,0,0
Zotu156,0,0,0,0,0,0,0,0,1,0,1,255,0,0,0,0,0,0,0,0,4,1,0,0,1,0,0,0,0,0
Zotu888,0,0,0,0,0,0,0,0,0,0,0,0,0,0,0,0,0,0,0,0,0,0,0,0,0,0,0,1,0,0
Zotu683,0,0,0,0,0,0,0,0,0,0,0,0,0,0,0,0,0,0,0,0,0,0,0,0,0,0,0,0,0,0
Zotu168,0,0,0,0,0,0,0,0,0,1,0,0,0,0,0,0,0,0,0,0,0,0,0,0,0,0,0,0,0,0
Zotu892,0,0,0,0,0,0,0,0,0,0,1,0,0,0,0,0,2,0,0,0,0,0,0,0,0,0,0,0,0,0
Zotu315,0,0,0,0,0,0,0,0,0,0,0,0,1,0,0,0,0,0,0,0,0,0,0,0,0,0,0,0,0,0
Zotu215,0,0,0,0,0,0,0,0,0,0,0,0,0,0,0,0,0,0,0,0,0,0,0,0,0,0,0,0,0,0
Zotu969,0,0,0,0,0,0,0,0,0,0,0,0,0,0,0,0,0,0,0,0,0,1,0,0,0,0,0,0,0,0
Zotu530,0,0,0,0,0,0,0,0,0,0,2,0,0,0,0,0,1,0,7,0,0,0,0,0,1,0,2,0,0,0
Zotu333,0,0,0,0,0,0,0,0,0,0,20,0,0,0,0,0,0,0,0,0,0,0,0,0,0,0,0,0,0,0
Zotu414,0,0,0,0,0,0,0,0,0,0,1,0,0,0,0,1,0,0,0,0,0,0,0,1,0,0,0,0,0,0
Zotu129,0,0,0,0,0,0,0,0,0,0,1,0,0,0,1,0,0,0,0,0,0,0,0,0,0,0,0,0,0,0
Zotu288,0,0,0,0,0,0,0,0,0,0,1,0,0,0,0,0,0,0,0,0,0,0,0,0,0,0,0,0,0,0
Zotu834,0,0,0,0,0,0,0,0,0,0,1,0,0,0,0,0,0,0,0,0,0,0,0,0,0,0,0,0,0,0
Zotu257,0,0,0,0,0,0,0,0,0,0,0,0,0,0,0,0,0,0,0,0,0,0,0,0,0,0,0,0,0,0
Zotu598,0,0,0,0,0,0,0,0,0,0,0,0,0,0,0,0,0,0,0,0,0,0,0,0,0,0,0,0,0,0
Zotu367,0,0,0,0,0,0,0,0,0,0,0,0,0,0,0,0,0,0,0,0,0,0,0,0,0,0,1,0,0,0
Zotu855,0,0,0,0,0,0,0,0,0,0,0,0,0,0,0,0,0,0,0,0,0,0,0,0,2,0,0,0,0,0
Zotu955,0,0,0,0,0,0,0,0,0,0,0,1,0,0,0,0,0,0,0,0,0,0,0,0,0,0,0,0,0,0
Zotu190,0,0,0,0,0,0,0,0,0,0,0,1,0,0,0,0,0,0,0,0,0,0,1,0,0,0,0,0,0,0
Zotu243,0,0,0,0,0,0,0,0,0,0,0,1,0,0,0,0,0,0,0,0,0,0,0,0,0,0,0,0,0,0
Zotu517,0,0,0,0,0,0,0,0,0,0,0,0,0,0,0,0,0,0,0,0,0,0,0,0,0,0,0,0,0,0
Zotu918,0,0,0,0,0,0,0,0,0,0,0,0,0,0,0,0,0,0,0,0,0,0,0,0,0,0,0,0,0,0
Zotu201,0,0,0,0,0,0,0,0,0,0,0,0,0,0,0,0,0,0,0,0,0,0,0,0,0,0,0,0,0,0
Zotu847,0,0,0,0,0,0,0,0,0,0,0,0,0,0,0,0,0,0,0,0,0,0,0,0,0,0,0,0,0,0
Zotu387,0,0,0,0,0,0,0,0,0,0,0,0,0,0,0,0,2,0,0,0,0,0,1,0,0,0,0,0,0,0
Zotu932,0,0,0,0,0,0,0,0,0,0,0,0,0,0,0,0,0,0,0,0,0,0,0,0,0,0,0,0,0,0
Zotu732,0,0,0,0,0,0,0,0,0,0,0,0,0,0,0,0,0,0,0,0,0,0,0,0,0,0,0,0,0,0
Zotu75,0,0,0,0,0,0,0,0,0,0,0,0,0,0,0,0,0,0,0,0,0,0,0,0,0,0,0,0,0,0
Zotu250,0,0,0,0,0,0,0,0,0,0,0,0,0,0,0,0,0,0,0,0,0,0,0,0,0,0,0,0,0,0
Zotu873,0,0,0,0,0,0,0,0,0,0,0,0,0,0,0,0,0,0,0,0,0,0,0,0,0,0,0,0,0,0
Zotu454,0,0,0,0,0,0,0,0,0,0,0,0,0,0,0,0,0,1,0,0,0,0,0,0,0,0,0,0,0,0
Zotu85,0,0,0,0,0,0,0,0,0,0,0,0,0,0,0,6,0,0,0,0,0,0,0,0,1,0,0,0,0,1
Zotu438,0,0,0,0,0,0,0,0,0,0,0,0,0,0,0,0,0,0,0,0,0,0,0,0,0,0,0,0,0,0
Zotu407,0,0,0,0,0,0,0,0,0,0,0,0,0,0,0,0,0,0,0,0,0,0,0,0,0,0,0,0,0,0
Zotu715,0,0,0,0,0,0,0,0,0,0,0,0,0,0,0,0,0,0,0,0,0,0,0,0,0,0,0,0,0,0
Zotu455,0,0,0,0,0,0,0,0,0,0,0,0,0,0,0,3,75,1,0,3,0,33,20,15,8,0,2,0,7,0
Zotu32,0,0,0,0,0,0,0,0,0,0,0,0,0,0,0,0,0,0,0,0,0,0,0,0,0,0,0,0,0,0
Zotu194,0,0,0,0,0,0,0,0,0,0,0,0,0,0,0,0,0,0,0,0,0,2,0,0,0,0,0,0,0,0
Zotu803,0,0,0,0,0,0,0,0,0,0,0,0,0,0,0,0,0,0,0,0,0,0,0,0,0,0,0,0,0,0
Zotu503,0,0,0,0,0,0,0,0,0,0,0,0,0,0,0,3,0,1,0,0,0,0,0,0,0,0,0,0,0,0
Zotu164,0,0,0,0,0,0,0,0,0,0,0,0,0,0,0,0,0,0,0,0,0,0,0,0,0,0,0,0,0,0
Zotu222,0,0,0,0,0,0,0,0,0,0,0,0,0,0,0,0,0,0,0,0,0,0,0,0,0,0,0,0,0,0
Zotu133,0,0,0,0,0,0,0,0,0,0,0,0,0,0,0,0,0,0,0,0,0,0,0,0,0,0,0,0,0,0
Zotu256,0,0,0,0,0,0,0,0,0,0,0,0,0,0,0,0,0,0,0,0,0,0,0,0,0,0,0,0,0,0
Zotu639,0,0,0,0,0,0,0,0,0,0,0,0,0,0,0,0,0,0,0,0,0,0,0,0,0,0,0,0,0,0
Zotu251,0,0,0,0,0,0,0,0,0,0,0,0,0,0,0,0,0,0,0,0,0,2,0,0,0,0,0,0,0,0
Zotu691,0,0,0,0,0,0,0,0,0,0,0,0,0,0,0,0,0,0,0,0,0,0,0,0,0,0,0,0,0,0
Zotu946,0,0,0,0,0,0,0,0,0,0,0,0,0,0,0,0,0,0,0,0,0,0,0,0,0,0,0,0,0,0
Zotu53,0,0,0,0,0,0,0,0,0,0,0,0,0,0,0,0,0,0,0,0,0,0,0,0,0,0,0,0,0,0
Zotu174,0,0,0,0,0,0,0,0,0,0,0,0,0,0,0,0,0,0,0,0,0,2,0,0,0,0,0,0,1,0
Zotu353,0,0,0,0,0,0,0,0,0,0,0,0,0,0,0,0,0,0,0,0,0,1,0,0,0,0,0,0,0,0
Zotu630,0,0,0,0,0,0,0,0,0,0,0,0,0,0,0,0,0,0,0,0,0,0,0,0,0,0,0,0,0,0
Zotu801,0,0,0,0,0,0,0,0,0,0,0,0,0,0,0,0,0,0,0,0,0,0,0,0,0,0,0,0,0,0
Zotu433,0,0,0,0,0,0,0,0,0,0,0,0,0,0,0,0,0,0,0,0,0,0,0,0,0,0,0,0,0,0
Zotu264,0,0,0,0,0,0,0,0,0,0,0,0,0,0,0,0,0,0,0,0,0,0,0,0,0,0,0,0,0,0
Zotu925,0,0,0,0,0,0,0,0,0,0,0,0,0,0,0,0,1,0,0,0,0,0,0,0,0,0,0,0,0,0
Zotu479,0,0,0,0,0,0,0,0,0,0,0,0,0,0,0,0,0,0,0,0,0,0,0,0,0,0,0,0,0,0
Zotu275,0,0,0,0,0,0,0,0,0,0,0,0,0,0,0,0,0,0,0,0,0,15,0,0,0,0,0,0,0,0
Zotu39,0,0,0,0,0,0,0,0,0,0,0,0,0,0,0,0,0,0,0,0,0,0,0,0,0,0,0,0,0,0
Zotu232,0,0,0,0,0,0,0,0,0,0,0,0,0,0,0,0,0,0,0,0,0,0,0,0,0,0,0,0,0,0
Zotu77,0,0,0,0,0,0,0,0,0,0,0,0,0,0,0,0,0,0,0,0,0,0,0,0,0,0,0,0,0,0
Zotu423,0,0,0,0,0,0,0,0,0,0,0,0,0,0,0,0,0,0,0,0,0,0,0,0,0,0,0,0,0,0
Zotu59,0,0,0,0,0,0,0,0,0,0,0,0,0,0,0,0,0,0,0,0,0,0,0,0,0,0,0,0,0,0
Zotu33,0,0,0,0,0,0,0,0,0,0,0,0,0,0,0,0,0,0,0,0,0,0,0,0,0,0,0,0,0,0
Zotu246,0,0,0,0,0,0,0,0,0,0,0,0,0,0,0,0,0,0,0,0,0,0,0,0,0,0,0,0,0,0
Zotu30,0,0,0,0,0,0,0,0,0,0,0,0,0,0,0,0,0,0,0,0,0,0,0,0,0,0,0,0,0,0
Zotu299,0,0,0,0,0,0,0,0,0,0,0,0,0,0,0,0,0,0,0,0,0,0,0,0,0,0,0,0,0,0
Zotu893,0,0,0,0,0,0,0,0,0,0,0,0,0,0,0,0,0,0,0,0,0,0,0,0,0,0,0,0,0,0
Zotu82,0,0,0,0,0,0,0,0,0,0,0,0,0,0,0,0,0,0,0,0,0,0,0,0,0,0,0,0,0,0
Zotu28,0,0,0,0,0,0,0,0,0,0,0,0,0,0,0,0,0,0,0,0,0,0,0,0,0,0,0,0,0,0
Zotu98,0,0,0,0,0,0,0,0,0,0,0,0,0,0,0,0,0,0,0,0,0,0,0,0,0,0,0,0,0,0
Zotu101,0,0,0,0,0,0,0,0,0,0,0,0,0,0,0,0,0,0,0,0,0,0,0,0,0,0,0,0,0,0
Zotu183,0,0,0,0,0,0,0,0,0,0,0,0,0,0,0,0,0,0,0,0,0,0,0,0,0,0,0,0,0,0
Zotu706,0,0,0,0,0,0,0,0,0,0,0,0,0,0,0,0,0,0,0,0,0,0,0,0,0,0,0,0,0,0
Zotu76,0,0,0,0,0,0,0,0,0,0,0,0,0,0,0,0,0,0,0,0,0,0,0,0,0,0,0,0,0,0
Zotu777,0,0,0,0,0,0,0,0,0,0,0,0,0,0,0,0,0,0,0,0,0,0,0,0,0,0,0,0,0,0
Zotu613,0,0,0,0,0,0,0,0,0,0,0,0,0,0,0,0,0,0,0,0,0,0,0,0,0,0,0,0,0,0
Zotu308,0,0,0,0,0,0,0,0,0,0,0,0,0,0,0,0,0,0,0,0,0,0,0,0,0,0,0,0,0,0
Zotu42,0,0,0,0,0,0,0,0,0,0,0,0,0,0,0,0,0,0,0,0,0,0,0,0,0,0,0,0,0,0
Zotu711,0,0,0,0,0,0,0,0,0,0,0,0,0,0,0,0,0,0,0,0,0,0,0,0,0,0,0,0,0,0
Zotu531,0,0,0,0,0,0,0,0,0,0,0,0,0,0,0,0,0,0,0,0,0,0,0,0,0,0,0,0,0,0
Zotu305,0,0,0,0,0,0,0,0,0,0,0,0,0,0,0,0,0,0,0,0,0,0,0,0,0,0,0,0,0,0
Zotu169,0,0,0,0,0,0,0,0,0,0,0,0,0,0,0,0,0,0,2,0,0,0,0,0,0,0,1,1,0,0
Zotu376,0,0,0,0,0,0,0,0,0,0,0,0,0,0,0,0,0,0,0,0,0,0,0,0,0,0,0,0,0,0
Zotu311,0,0,0,0,0,0,0,0,0,0,0,0,0,0,0,0,0,0,0,0,0,0,0,0,0,0,0,0,0,0
Zotu359,0,0,0,0,0,0,0,0,0,0,0,0,0,0,0,0,0,0,0,0,0,0,0,0,0,0,0,0,0,0
Zotu27,0,0,0,0,0,0,0,0,0,0,0,0,0,0,0,0,0,0,0,0,0,0,0,0,0,0,0,0,0,0
Zotu523,0,0,0,0,0,0,0,0,0,0,0,0,0,0,0,0,0,0,0,0,0,0,0,0,0,0,0,0,0,0
Zotu342,0,0,0,0,0,0,0,0,0,0,0,0,0,0,0,0,0,0,0,0,0,0,0,0,0,0,0,0,0,0
Zotu150,0,0,0,0,0,0,0,0,0,0,0,0,0,0,0,0,0,0,0,0,0,0,0,0,0,0,0,0,0,0
Zotu473,0,0,0,0,0,0,0,0,0,0,0,0,0,0,0,0,0,0,0,0,0,0,0,0,0,0,0,0,0,0
Zotu487,0,0,0,0,0,0,0,0,0,0,0,0,0,0,0,0,0,0,0,0,0,0,0,0,0,0,0,0,0,0
Zotu313,0,0,0,0,0,0,0,0,0,0,0,0,0,0,0,0,0,0,0,0,0,0,0,0,0,0,0,0,0,0
Zotu306,0,0,0,0,0,0,0,0,0,0,0,0,0,0,0,0,0,0,0,0,0,0,0,0,0,0,0,0,0,0
Zotu247,0,0,0,0,0,0,0,0,0,0,0,0,0,0,0,0,0,0,0,0,0,0,0,0,0,0,0,0,0,0
Zotu665,0,0,0,0,0,0,0,0,0,0,0,0,0,0,0,0,0,0,0,0,0,0,0,0,0,0,0,0,0,0
Zotu816,0,0,0,0,0,0,0,0,0,0,0,0,0,0,0,0,0,0,0,0,0,0,0,0,0,0,0,0,0,0
Zotu475,0,0,0,0,0,0,0,0,0,0,0,0,0,0,0,0,0,0,0,0,0,0,0,0,0,0,0,0,0,0
Zotu203,0,0,0,0,0,0,0,0,0,0,0,0,0,0,0,0,0,0,0,0,0,0,0,0,0,0,0,0,0,0
Zotu615,0,0,0,0,0,0,0,0,0,0,0,0,0,0,0,0,0,0,0,0,0,0,0,0,0,0,0,0,0,0
Zotu239,0,0,0,0,0,0,0,0,0,0,0,0,0,0,0,0,0,0,0,0,0,0,0,0,0,0,0,0,0,0
Zotu612,0,0,0,0,0,0,0,0,0,0,0,0,0,0,0,0,0,0,0,0,0,0,0,0,0,0,0,0,0,0
Zotu971,0,0,0,0,0,0,0,0,0,0,0,0,0,0,0,0,0,0,0,0,0,0,0,0,0,0,0,0,0,0
Zotu38,0,0,0,0,0,0,0,0,0,0,0,0,0,0,0,0,0,0,0,0,0,0,0,0,0,0,0,0,0,0
Zotu35,0,0,0,0,0,0,0,0,0,0,0,0,0,0,0,0,0,0,0,0,0,0,0,0,0,0,0,0,0,0
Zotu143,0,0,0,0,0,0,0,0,0,0,0,0,0,0,0,0,0,0,0,0,0,0,0,0,0,0,0,0,0,0
Zotu954,0,0,0,0,0,0,0,0,0,0,0,0,0,0,0,0,0,0,0,0,0,0,0,0,0,0,0,0,0,0
Zotu498,0,0,0,0,0,0,0,0,0,0,0,0,0,0,0,0,0,0,0,0,0,0,0,0,0,0,0,0,0,0
Zotu540,0,0,0,0,0,0,0,0,0,0,0,0,0,0,0,0,0,0,0,0,0,0,0,0,0,0,0,0,0,0
Zotu196,0,0,0,0,0,0,0,0,0,0,0,0,0,0,0,0,0,0,0,0,0,0,0,0,0,0,0,0,0,0
Zotu394,0,0,0,0,0,0,0,0,0,0,0,0,0,0,0,0,0,0,0,0,0,0,0,0,0,0,0,0,0,0
Zotu556,0,0,0,0,0,0,0,0,0,0,0,0,0,0,0,0,0,0,0,0,0,0,0,0,0,0,0,0,0,0
Zotu412,0,0,0,0,0,0,0,0,0,0,0,0,0,0,0,0,0,0,0,0,0,0,0,0,0,0,0,0,0,0
Zotu253,0,0,0,0,0,0,0,0,0,0,0,0,0,0,0,0,0,0,0,0,0,0,0,0,0,0,0,0,0,0
Zotu391,0,0,0,0,0,0,0,0,0,0,0,0,0,0,0,0,0,0,0,0,0,0,0,0,0,0,0,0,0,0
Zotu745,0,0,0,0,0,0,0,0,0,0,0,0,0,0,0,0,0,0,0,0,0,0,0,0,0,0,0,0,0,0
Zotu494,0,0,0,0,0,0,0,0,0,0,0,0,0,0,0,0,0,0,0,0,0,0,0,0,0,0,0,0,0,0
Zotu762,0,0,0,0,0,0,0,0,0,0,0,0,0,0,0,0,0,0,0,0,0,0,0,0,0,0,0,0,0,0
Zotu380,0,0,0,0,0,0,0,0,0,0,0,0,0,0,0,0,0,0,0,0,0,0,0,0,0,0,0,0,0,0
Zotu360,0,0,0,0,0,0,0,0,0,0,0,0,0,0,0,0,0,0,0,0,0,0,0,0,0,0,0,0,0,0
Zotu730,0,0,0,0,0,0,0,0,0,0,0,0,0,0,0,0,0,0,0,0,0,0,0,0,0,0,0,0,0,0
Zotu891,0,0,0,0,0,0,0,0,0,0,0,0,0,0,0,0,0,0,0,0,0,0,0,0,0,0,0,0,0,0
Zotu495,0,0,0,0,0,0,0,0,0,0,0,0,0,0,0,0,0,0,0,0,0,0,0,0,0,0,0,0,0,0
Zotu961,0,0,0,0,0,0,0,0,0,0,0,0,0,0,0,0,0,0,0,0,0,0,0,0,0,0,0,0,0,0
Zotu224,0,0,0,0,0,0,0,0,0,0,0,0,0,0,0,0,0,0,0,0,0,0,0,0,0,0,0,0,0,0
Zotu466,0,0,0,0,0,0,0,0,0,0,0,0,0,0,0,0,0,0,0,0,0,0,0,0,0,0,0,0,0,0
Zotu761,0,0,0,0,0,0,0,0,0,0,0,0,0,0,0,0,0,0,0,0,0,0,0,0,0,0,0,0,0,0
Zotu397,0,0,0,0,0,0,0,0,0,0,0,0,0,0,0,0,0,0,0,0,0,0,0,0,0,0,0,0,0,0
Zotu381,0,0,0,0,0,0,0,0,0,0,0,0,0,0,0,0,0,0,0,0,0,0,0,0,0,0,0,0,0,0
Zotu274,0,0,0,0,0,0,0,0,0,0,0,0,0,0,0,0,0,0,0,0,0,0,0,0,0,0,0,0,0,0
Zotu132,0,0,0,0,0,0,0,0,0,0,0,0,0,0,0,0,0,0,0,0,0,0,0,0,0,0,0,0,0,0
Zotu859,0,0,0,0,0,0,0,0,0,0,0,0,0,0,0,0,0,0,0,0,0,0,0,0,0,0,0,0,0,0
Zotu547,0,0,0,0,0,0,0,0,0,0,0,0,0,0,0,0,0,0,0,0,0,0,0,0,0,0,0,0,0,0
Zotu689,0,0,0,0,0,0,0,0,0,0,0,0,0,0,0,0,0,0,0,0,0,0,0,0,0,0,0,0,0,0
Zotu596,0,0,0,0,0,0,0,0,0,0,0,0,0,0,0,0,0,0,0,0,0,0,0,0,0,0,0,0,0,0
Zotu294,0,0,0,0,0,0,0,0,0,0,0,0,0,0,0,0,0,0,0,0,0,0,0,0,0,0,0,0,0,0
Zotu753,0,0,0,0,0,0,0,0,0,0,0,0,0,0,0,0,0,0,0,0,0,0,0,0,0,0,0,0,0,0
Zotu496,0,0,0,0,0,0,0,0,0,0,0,0,0,0,0,0,0,0,0,0,1,0,0,0,0,0,0,0,0,0
Zotu212,0,0,0,0,0,0,0,0,0,0,0,0,0,0,0,0,0,0,0,0,1,0,0,0,0,0,0,0,0,0
Zotu850,0,0,0,0,0,0,0,0,0,0,0,0,0,0,0,0,0,0,0,0,0,0,0,0,0,0,0,0,0,0
Zotu379,0,0,0,0,0,0,0,0,0,0,0,0,0,0,0,0,0,0,0,0,0,0,0,0,0,0,0,0,0,0
Zotu198,0,0,0,0,0,0,0,0,0,0,0,0,0,0,0,0,0,0,0,0,0,0,0,0,0,0,0,0,0,0
Zotu277,0,0,0,0,0,0,0,0,0,0,0,0,0,0,0,0,0,0,0,0,0,0,0,0,0,0,0,0,0,0
Zotu780,0,0,0,0,0,0,0,0,0,0,0,0,0,0,0,0,0,0,0,0,0,0,0,0,0,0,0,0,0,0
Zotu903,0,0,0,0,0,0,0,0,0,0,0,0,0,0,0,0,0,0,0,0,0,0,0,0,0,0,0,0,0,0
Zotu566,0,0,0,0,0,0,0,0,0,0,0,0,0,0,0,0,0,0,0,0,0,0,0,0,0,0,0,0,0,0
Zotu113,0,0,0,0,0,0,0,0,0,0,0,0,0,0,0,0,0,0,0,0,0,0,0,0,0,0,0,0,0,0
Zotu538,0,0,0,0,0,0,0,0,0,0,0,0,0,0,0,0,0,0,0,0,0,0,0,0,0,0,0,0,0,0
Zotu677,0,0,0,0,0,0,0,0,0,0,0,0,0,0,0,0,0,0,0,0,0,0,0,0,0,0,0,0,0,0
Zotu252,0,0,0,0,0,0,0,0,0,0,0,0,0,0,0,0,0,0,0,0,0,0,0,0,0,0,0,0,0,0
Zotu738,0,0,0,0,0,0,0,0,0,0,0,0,0,0,0,0,0,0,0,0,0,0,0,0,0,0,0,0,0,0
Zotu411,0,0,0,0,0,0,0,0,0,0,0,0,0,0,0,0,0,0,0,0,0,0,0,0,0,0,0,0,0,0
Zotu938,0,0,0,0,0,0,0,0,0,0,0,0,0,0,0,0,0,0,0,0,0,0,0,0,0,0,0,0,0,0
Zotu869,0,0,0,0,0,0,0,0,0,0,0,0,0,0,0,0,0,0,0,0,0,0,0,0,0,0,0,0,0,0
Zotu343,0,0,0,0,0,0,0,0,0,0,0,0,0,0,0,0,0,0,0,0,0,0,0,0,0,0,0,0,0,0
Zotu614,0,0,0,0,0,0,0,0,0,0,0,0,0,0,0,0,0,0,0,0,0,0,0,0,0,0,0,0,0,0
Zotu637,0,0,0,0,0,0,0,0,0,0,0,0,0,0,0,0,0,0,0,0,0,0,0,0,0,0,0,0,0,0
Zotu770,0,0,0,0,0,0,0,0,0,0,0,0,0,0,0,0,0,0,0,0,0,0,0,0,0,0,0,0,0,0
Zotu260,0,0,0,0,0,0,0,0,0,0,0,0,0,0,0,0,0,0,0,0,0,0,0,0,0,0,0,0,0,0
Zotu432,0,0,0,0,0,0,0,0,0,0,0,0,0,0,0,0,0,0,0,0,0,0,0,0,0,0,0,0,0,0
Zotu550,0,0,0,0,0,0,0,0,0,0,0,0,0,0,0,0,0,0,0,0,0,0,0,0,0,0,0,0,0,0
Zotu632,0,0,0,0,0,0,0,0,0,0,0,0,0,0,0,0,0,0,0,0,0,0,0,0,0,0,0,0,0,0
Zotu357,0,0,0,0,0,0,0,0,0,0,0,0,0,0,0,0,0,0,0,0,0,0,0,0,0,0,0,0,0,0
Zotu127,0,0,0,0,0,0,0,0,0,0,0,0,0,0,0,0,0,0,0,0,0,0,0,0,0,0,0,0,0,0
Zotu370,0,0,0,0,0,0,0,0,0,0,0,0,0,0,0,0,0,0,0,0,0,0,0,0,0,0,0,0,0,0
Zotu728,0,0,0,0,0,0,0,0,0,0,0,0,0,0,0,0,0,0,0,0,0,0,0,0,0,0,0,0,0,0
Zotu944,0,0,0,0,0,0,0,0,0,0,0,0,0,0,0,0,0,0,0,0,0,0,0,0,0,0,0,0,0,0
Zotu354,0,0,0,0,0,0,0,0,0,0,0,0,0,0,0,0,0,0,0,0,0,0,0,0,0,0,0,0,0,0
Zotu316,0,0,0,0,0,0,0,0,0,0,0,0,0,0,0,0,0,0,0,0,0,0,0,0,0,0,0,0,0,0
Zotu571,0,0,0,0,0,0,0,0,0,0,0,0,0,0,0,0,0,0,0,0,0,0,0,0,0,0,0,0,0,0
Zotu374,0,0,0,0,0,0,0,0,0,0,0,0,0,0,0,0,0,0,0,0,0,0,0,0,0,0,0,0,0,0
Zotu906,0,0,0,0,0,0,0,0,0,0,0,0,0,0,0,0,0,0,0,0,0,0,0,0,0,0,0,0,0,0
Zotu763,0,0,0,0,0,0,0,0,0,0,0,0,0,0,0,0,0,0,0,0,0,0,0,0,0,0,0,0,0,0
Zotu436,0,0,0,0,0,0,0,0,0,0,0,0,0,0,0,0,0,0,0,0,0,0,0,0,0,0,0,0,0,0
Zotu927,0,0,0,0,0,0,0,0,0,0,0,0,0,0,0,0,0,0,0,0,0,0,0,0,0,0,0,0,0,0
Zotu121,0,0,0,0,0,0,0,0,0,0,0,0,0,0,0,0,0,0,0,0,0,0,0,0,0,0,0,0,0,0
Zotu554,0,0,0,0,0,0,0,0,0,0,0,0,0,0,0,0,0,0,0,0,0,0,0,0,0,0,0,0,0,0
Zotu846,0,0,0,0,0,0,0,0,0,0,0,0,0,0,0,0,0,0,0,0,0,0,0,0,0,0,0,0,0,0
Zotu919,0,0,0,0,0,0,0,0,0,0,0,0,0,0,0,0,0,0,0,0,0,0,0,0,0,0,0,0,0,0
Zotu836,0,0,0,0,0,0,0,0,0,0,0,0,0,0,0,0,0,0,0,0,0,0,0,0,0,0,0,0,0,0
Zotu856,0,0,0,0,0,0,0,0,0,0,0,0,0,0,0,0,0,0,0,0,0,0,0,0,0,0,0,0,0,0
Zotu542,0,0,0,0,0,0,0,0,0,0,0,0,0,0,0,0,0,0,0,0,0,0,0,0,0,0,0,0,0,0
Zotu877,0,0,0,0,0,0,0,0,0,0,0,0,0,0,0,0,0,0,0,0,0,0,0,0,0,0,0,0,0,0
Zotu864,0,0,0,0,0,0,0,0,0,0,0,0,0,0,0,0,0,0,0,0,0,0,0,0,0,0,0,0,0,0
Zotu155,0,0,0,0,0,0,0,0,0,0,0,0,0,0,0,0,0,0,0,0,0,0,0,0,0,0,0,0,0,0
Zotu233,0,0,0,0,0,0,0,0,0,0,0,0,0,0,0,0,0,0,0,0,0,0,0,0,0,0,0,0,0,0
Zotu842,0,0,0,0,0,0,0,0,0,0,0,0,0,0,0,0,0,0,0,0,0,0,0,0,0,0,0,0,0,0
Zotu210,0,0,0,0,0,0,0,0,0,0,0,0,0,0,0,0,0,0,0,0,0,0,0,0,0,0,0,0,0,0
Zotu812,0,0,0,0,0,0,0,0,0,0,0,0,0,0,0,0,0,0,0,0,0,0,0,0,0,0,0,0,0,0
Zotu795,0,0,0,0,0,0,0,0,0,0,0,0,0,0,0,0,0,0,0,0,0,0,0,0,0,0,0,0,0,0
Zotu66,0,0,0,0,0,0,0,0,0,0,0,0,0,0,0,0,0,0,0,0,0,0,0,0,0,0,0,0,0,0
Zotu924,0,0,0,0,0,0,0,0,0,0,0,0,0,0,0,0,0,0,0,0,0,0,0,0,0,0,0,0,0,0
Zotu332,0,0,0,0,0,0,0,0,0,0,0,0,0,0,0,0,0,0,0,0,0,0,0,0,0,0,0,0,0,0
Zotu230,0,0,0,0,0,0,0,0,0,0,0,0,0,0,0,0,0,0,0,0,0,0,0,0,0,0,0,0,0,0
Zotu819,0,0,0,0,0,0,0,0,0,0,0,0,0,0,0,0,0,0,0,0,0,0,0,0,0,0,0,0,0,0
Zotu208,0,0,0,0,0,0,0,0,0,0,0,0,0,0,0,0,0,0,0,0,0,0,0,0,0,0,0,0,0,0
Zotu24,0,0,0,0,0,0,0,0,0,0,0,0,0,0,0,0,0,0,0,0,0,0,0,0,0,0,0,0,0,0
Zotu772,0,0,0,0,0,0,0,0,0,0,0,0,0,0,0,0,0,0,0,0,0,0,0,0,0,0,0,0,0,0
Zotu79,0,0,0,0,0,0,0,0,0,0,0,0,0,0,0,0,0,0,0,0,0,0,0,0,0,0,0,0,0,0
Zotu882,0,0,0,0,0,0,0,0,0,0,0,0,0,0,0,0,0,0,0,0,0,0,0,0,0,0,0,0,0,0
Zotu426,0,0,0,0,0,0,0,0,0,0,0,0,0,0,0,0,0,0,0,0,0,0,0,0,0,0,0,0,0,0
Zotu254,0,0,0,0,0,0,0,0,0,0,0,0,0,0,0,0,0,0,0,0,0,0,0,0,0,0,0,0,0,0
Zotu546,0,0,0,0,0,0,0,0,0,0,0,0,0,0,0,0,0,0,0,0,0,0,0,0,0,0,0,0,0,0
Zotu110,0,0,0,0,0,0,0,0,0,0,0,0,0,0,0,0,0,0,0,0,0,0,0,0,0,0,0,0,0,0
Zotu699,0,0,0,0,0,0,0,0,0,0,0,0,0,0,0,0,0,0,0,0,0,0,0,0,0,0,0,0,0,0
Zotu446,0,0,0,0,0,0,0,0,0,0,0,0,0,0,0,0,0,0,0,0,0,0,0,0,0,0,0,0,0,0
Zotu114,0,0,0,0,0,0,0,0,0,0,0,0,0,0,0,0,0,0,0,0,0,0,0,0,0,0,0,0,0,0
Zotu234,0,0,0,0,0,0,0,0,0,0,0,0,0,0,0,0,0,0,0,0,0,0,0,0,0,0,0,0,0,0
Zotu430,0,0,0,0,0,0,0,0,0,0,0,0,0,0,0,0,0,0,0,0,0,0,0,0,0,0,0,0,0,0
Zotu698,0,0,0,0,0,0,0,0,0,0,0,0,0,0,0,0,0,0,0,0,0,0,0,0,0,1,0,0,0,0
Zotu287,0,0,0,0,0,0,0,0,0,0,0,0,0,0,0,0,0,0,0,0,0,0,0,0,0,0,0,0,0,0
Zotu565,0,0,0,0,0,0,0,0,0,0,0,0,0,0,0,0,0,0,0,0,0,0,0,0,0,0,0,0,0,0
Zotu268,0,0,0,0,0,0,0,0,0,0,0,0,0,0,0,0,0,0,0,0,0,0,0,0,0,0,0,0,0,0
Zotu307,0,0,0,0,0,0,0,0,0,0,0,0,0,0,0,0,0,0,0,0,0,0,0,0,0,0,0,0,0,0
Zotu909,0,0,0,0,0,0,0,0,0,0,0,0,0,0,0,0,0,0,0,0,0,0,0,0,0,0,0,0,0,0
Zotu823,0,0,0,0,0,0,0,0,0,0,0,0,0,0,0,0,0,0,0,0,0,0,0,0,0,0,0,0,0,0
Zotu920,0,0,0,0,0,0,0,0,0,0,0,0,0,0,0,0,0,0,0,0,0,0,0,0,0,0,0,0,0,0
Zotu885,0,0,0,0,0,0,0,0,0,0,0,0,0,0,0,0,0,0,0,0,0,0,0,0,0,0,0,0,0,0
Zotu290,0,0,0,0,0,0,0,0,0,0,0,0,0,0,0,0,0,0,0,0,0,0,0,0,0,0,0,0,0,0
Zotu861,0,0,0,0,0,0,0,0,0,0,0,0,0,0,0,0,0,0,0,0,0,0,0,0,0,0,0,0,0,0
Zotu783,0,0,0,0,0,0,0,0,0,0,0,0,0,0,0,0,0,0,0,0,0,0,0,0,0,0,0,0,0,0
Zotu119,0,0,0,0,0,0,0,0,0,0,0,0,0,0,0,0,0,0,0,0,0,0,0,0,0,0,0,0,0,0
Zotu837,0,0,0,0,0,0,0,0,0,0,0,0,0,0,0,0,0,0,0,0,0,0,0,0,0,0,0,0,0,0
Zotu908,0,0,0,0,0,0,0,0,0,0,0,0,0,0,0,0,0,0,0,0,0,0,0,0,0,0,0,0,0,0
Zotu289,0,0,0,0,0,0,0,0,0,0,0,0,0,0,0,0,0,0,0,0,0,0,0,0,0,0,0,0,0,0
Zotu672,0,0,0,0,0,0,0,0,0,0,0,0,0,0,0,0,0,0,0,0,0,0,0,0,0,0,0,0,0,0
Zotu965,0,0,0,0,0,0,0,0,0,0,0,0,0,0,0,0,0,0,0,0,0,0,0,0,0,0,0,0,0,0
Zotu388,0,0,0,0,0,0,0,0,0,0,0,0,0,0,0,0,0,0,0,0,0,0,0,0,0,0,0,0,0,0
Zotu525,0,0,0,0,0,0,0,0,0,0,0,0,0,0,0,0,0,0,0,0,0,0,0,0,0,0,0,0,0,0
Zotu669,0,0,0,0,0,0,0,0,0,0,0,0,0,0,0,0,0,0,0,0,0,0,0,0,0,0,0,0,0,0
Zotu805,0,0,0,0,0,0,0,0,0,0,0,0,0,0,0,0,0,0,0,0,0,0,0,0,0,0,0,0,0,0
Zotu269,0,0,0,0,0,0,0,0,0,0,0,0,0,0,0,0,0,0,0,0,0,0,0,0,0,0,0,0,0,0
Zotu68,0,0,0,0,0,0,0,0,0,0,0,0,0,0,0,0,0,0,0,0,0,0,0,0,0,0,0,0,0,0
Zotu118,0,0,0,0,0,0,0,0,0,0,0,0,0,0,0,0,0,0,0,0,0,0,0,0,0,0,0,0,0,0
Zotu140,0,0,0,0,0,0,0,0,0,0,0,0,0,0,0,0,0,0,0,0,0,0,0,0,0,0,0,0,0,0
Zotu197,0,0,0,0,0,0,0,0,0,0,0,0,0,0,0,0,0,0,0,0,0,0,0,0,0,0,0,0,0,0
Zotu54,0,0,0,0,0,0,0,0,0,0,0,0,0,0,0,0,0,0,0,0,0,0,0,0,0,0,0,0,0,0
Zotu937,0,0,0,0,0,0,0,0,0,0,0,0,0,0,0,0,0,0,0,0,0,0,0,0,0,0,0,0,0,0
Zotu930,0,0,0,0,0,0,0,0,0,0,0,0,0,0,0,0,0,0,0,0,0,0,0,0,0,0,0,0,0,0
Zotu138,0,0,0,0,0,0,0,0,0,0,0,0,0,0,0,0,0,0,0,0,0,0,0,0,0,0,0,0,0,0
Zotu947,0,0,0,0,0,0,0,0,0,0,0,0,0,0,0,0,0,0,0,0,0,0,0,0,0,0,0,0,0,0
Zotu790,0,0,0,0,0,0,0,0,0,0,0,0,0,0,0,0,0,0,0,0,0,0,0,0,0,0,0,0,0,0
Zotu572,0,0,0,0,0,0,0,0,0,0,0,0,0,0,0,0,0,0,0,0,0,0,0,0,0,0,0,0,0,0
Zotu741,0,0,0,0,0,0,0,0,0,0,0,0,0,0,0,0,0,0,0,0,0,0,0,0,0,0,0,0,0,0
Zotu966,0,0,0,0,0,0,0,0,0,0,0,0,0,0,0,0,0,0,0,0,0,0,0,0,0,0,0,0,0,0
Zotu824,0,0,0,0,0,0,0,0,0,0,0,0,0,0,0,0,0,0,0,0,0,0,0,0,0,0,0,0,0,0
Zotu831,0,0,0,0,0,0,0,0,0,0,0,0,0,0,0,0,0,0,0,0,0,0,0,0,0,0,0,0,0,0
Zotu486,0,0,0,0,0,0,0,0,0,0,0,0,0,0,0,0,0,0,0,0,0,0,0,0,0,0,0,0,0,0
Zotu88,0,0,0,0,0,0,0,0,0,0,0,0,0,0,0,0,0,0,0,0,0,0,0,0,0,0,0,0,0,0
Zotu680,0,0,0,0,0,0,0,0,0,0,0,0,0,0,0,0,0,0,0,0,0,0,0,0,0,0,0,0,0,0
Zotu263,0,0,0,0,0,0,0,0,0,0,0,0,0,0,0,0,0,0,0,0,0,0,0,0,0,0,0,0,0,0
Zotu746,0,0,0,0,0,0,0,0,0,0,0,0,0,0,0,0,0,0,0,0,0,0,0,0,0,0,0,0,0,0
Zotu975,0,0,0,0,0,0,0,0,0,0,0,0,0,0,0,0,0,0,0,0,0,0,0,0,0,0,0,0,0,0
Zotu854,0,0,0,0,0,0,0,0,0,0,0,0,0,0,0,0,0,0,0,0,0,0,0,0,0,0,0,0,0,0
Zotu929,0,0,0,0,0,0,0,0,0,0,0,0,0,0,0,0,0,0,0,0,0,0,0,0,0,0,0,0,0,0
Zotu719,0,0,0,0,0,0,0,0,0,0,0,0,0,0,0,0,0,0,0,0,0,0,0,0,0,0,0,0,0,0
Zotu716,0,0,0,0,0,0,0,0,0,0,0,0,0,0,0,0,0,0,0,0,0,0,0,0,0,0,0,0,0,0
Zotu452,0,0,0,0,0,0,0,0,0,0,0,0,0,0,0,0,0,0,0,0,0,1,0,0,0,0,0,0,0,0
Zotu733,0,0,0,0,0,0,0,0,0,0,0,0,0,0,0,0,0,0,0,0,0,0,0,0,0,0,0,0,0,0
Zotu335,0,0,0,0,0,0,0,0,0,0,0,0,0,0,0,0,0,0,0,0,0,0,0,0,0,0,0,0,0,0
Zotu443,0,0,0,0,0,0,0,0,0,0,0,0,0,0,0,0,0,0,0,0,0,0,0,0,0,0,0,0,0,0
Zotu567,0,0,0,0,0,0,0,0,0,0,0,0,0,0,0,0,0,0,0,0,0,0,0,0,0,0,0,0,0,0
Zotu686,0,0,0,0,0,0,0,0,0,0,0,0,0,0,0,0,0,0,0,0,0,0,0,0,0,0,0,0,0,0
Zotu796,0,0,0,0,0,0,0,0,0,0,0,0,0,0,0,0,0,0,0,0,0,0,0,0,0,0,0,0,0,0
Zotu673,0,0,0,0,0,0,0,0,0,0,0,0,0,0,0,0,0,0,0,0,0,0,0,0,0,0,0,0,0,0
Zotu973,0,0,0,0,0,0,0,0,0,0,0,0,0,0,0,0,0,0,0,0,0,0,0,0,0,0,0,0,0,0
Zotu848,0,0,0,0,0,0,0,0,0,0,0,0,0,0,0,0,0,0,0,0,0,0,0,0,0,0,0,0,0,0
Zotu500,0,0,0,0,0,0,0,0,0,0,0,0,0,0,0,0,0,0,0,0,0,0,0,0,0,0,0,0,0,0
Zotu508,0,0,0,0,0,0,0,0,0,0,0,0,0,0,0,0,0,0,0,0,0,0,0,0,0,0,0,0,0,0
Zotu192,0,0,0,0,0,0,0,0,0,0,0,0,0,0,0,0,0,0,0,0,0,0,0,0,0,0,0,0,0,0
Zotu459,0,0,0,0,0,0,0,0,0,0,0,0,0,0,0,0,0,0,0,0,0,0,0,0,0,0,0,0,0,0
Zotu579,0,0,0,0,0,0,0,0,0,0,0,0,0,0,0,0,0,0,0,0,0,0,0,0,0,0,0,0,0,0
Zotu970,0,0,0,0,0,0,0,0,0,0,0,0,0,0,0,0,0,0,0,0,0,0,0,0,0,0,0,0,0,0
Zotu958,0,0,0,0,0,0,0,0,0,0,0,0,0,0,0,0,0,0,0,0,0,0,0,0,0,0,0,0,0,0
Zotu707,0,0,0,0,0,0,0,0,0,0,0,0,0,0,0,0,0,0,0,0,0,0,0,0,0,0,0,0,0,0
Zotu425,0,0,0,0,0,0,0,0,0,0,0,0,0,0,0,0,0,0,0,0,0,0,0,0,0,0,0,0,0,0
Zotu384,0,0,0,0,0,0,0,0,0,0,0,0,0,0,0,0,0,0,0,0,0,0,0,0,0,0,0,0,0,0
Zotu582,0,0,0,0,0,0,0,0,0,0,0,0,0,0,0,0,0,0,0,0,0,0,0,0,0,0,0,0,0,0
Zotu817,0,0,0,0,0,0,0,0,0,0,0,0,0,0,0,0,0,0,0,0,0,0,0,0,0,0,0,0,0,0
Zotu298,0,0,0,0,0,0,0,0,0,0,0,0,0,0,0,0,0,0,0,0,0,0,0,0,0,0,0,0,0,0
Zotu894,0,0,0,0,0,0,0,0,0,0,0,0,0,0,0,0,0,0,0,0,0,0,0,0,0,0,0,0,0,0
Zotu163,0,0,0,0,0,0,0,0,0,0,0,0,0,0,0,0,0,0,0,0,0,0,0,0,0,0,0,0,0,0
Zotu237,0,0,0,0,0,0,0,0,0,0,0,0,0,0,0,0,0,0,0,0,0,0,0,0,0,0,0,0,0,0
Zotu205,0,0,0,0,0,0,0,0,0,0,0,0,0,0,0,0,0,0,0,0,0,0,0,0,0,0,0,0,0,0
Zotu324,0,0,0,0,0,0,0,0,0,0,0,0,0,0,0,0,0,0,0,0,0,0,0,0,0,0,0,0,0,0
Zotu405,0,0,0,0,0,0,0,0,0,0,0,0,0,0,0,0,0,0,0,0,0,0,0,0,0,0,0,2,0,0
Zotu700,0,0,0,0,0,0,0,0,0,0,0,0,0,0,0,0,0,0,0,0,0,0,0,0,0,0,0,0,0,0
Zotu448,0,0,0,0,0,0,0,0,0,0,0,0,0,0,0,0,0,0,0,0,0,0,0,0,0,0,0,0,0,0
Zotu451,0,0,0,0,0,0,0,0,0,0,0,0,0,0,0,0,0,0,0,0,0,0,0,0,0,0,0,0,0,0
Zotu804,0,0,0,0,0,0,0,0,0,0,0,0,0,0,0,0,0,0,0,0,0,0,0,0,0,0,0,0,0,0
